"keyword","name","address","city","state","zip","country","phone","phonestring","website","email","time"
"ngo in bangladesh","Bangladesh NGO Foundation","4th Floor, Insurance Academy Bhaban, 53, C/A Bir Uttam AK Khandakar Rd, Dhaka 1212"," Dhaka","","1212","","","","/url?q=http://www.ngofoundation.org.bd/&sa=U&ved=0ahUKEwjnz4qEnsfqAhWVdn0KHSfsDZ8Q61gIGygUMAA&usg=AOvVaw1xC8-8TOXQQK1J1mMiThn3","",""
"ngo in bangladesh","Pathway The Best NGO in Bangladesh","House#01, Road#02, Block# B, Section#06, Dhaka 1216"," Dhaka","","1216","","","","/url?q=https://www.pathwaybd.org/&sa=U&ved=0ahUKEwjnz4qEnsfqAhWVdn0KHSfsDZ8Q61gISCgPMAE&usg=AOvVaw16ozvL9M688uSortPJgFBZ","",""
"ngo in bangladesh","Caritas Bangladesh","1217, 2 Outer Circular Rd, Dhaka 1217"," Dhaka","","1217","","","","/url?q=http://www.caritasbd.org/&sa=U&ved=0ahUKEwjnz4qEnsfqAhWVdn0KHSfsDZ8Q61gIcCgRMAI&usg=AOvVaw3dykrnTKPD0kr3_9r0mdM4","",""
"ngo in bangladesh","DISA, NGO","Rd No. 11, Dhaka 1216"," Dhaka","","1216","","","","/url?q=http://www.disabd.org/&sa=U&ved=0ahUKEwjnz4qEnsfqAhWVdn0KHSfsDZ8Q61gIngEoEDAD&usg=AOvVaw0OwBK091_DIwxIfqaUcNO3","",""
"ngo in bangladesh","NGO Forum","4/6, Block - E, Lalmatia, Dhaka 1207"," Dhaka","","1207","","","","/url?q=http://www.ngof.org/&sa=U&ved=0ahUKEwjnz4qEnsfqAhWVdn0KHSfsDZ8Q61gI0AEoEzAE&usg=AOvVaw1R1fUvN11uxNxixK1mdbmi","",""
"ngo in bangladesh","ActionAid Bangladesh","House SE(C)(Old 9) 5/B (old, 8 Rd 136, Dhaka 1212"," Dhaka","","1212","","","","/url?q=http://www.actionaid.org/&sa=U&ved=0ahUKEwjnz4qEnsfqAhWVdn0KHSfsDZ8Q61gIgAIoEjAF&usg=AOvVaw2_GTRCwM1ozIP1RMPLQDOz","",""
"ngo in bangladesh","Aparajeyo Bangladesh","Plot # 29 & 30, 01 Ave Society Rd, Dhaka 1216"," Dhaka","","1216","","","","/url?q=http://www.aparajeyo.org/&sa=U&ved=0ahUKEwjnz4qEnsfqAhWVdn0KHSfsDZ8Q61gIrwIoETAG&usg=AOvVaw0GATyMLkb9skwsIYHHpFgU","",""
"ngo in bangladesh","Uttaran (NGO)","1st Floor), House, Flat # B1, # 32 Rd 10/A, Dhaka 1209"," Dhaka","","1209","","","","/url?q=http://www.uttaran.net/&sa=U&ved=0ahUKEwjnz4qEnsfqAhWVdn0KHSfsDZ8Q61gI4QIoFDAH&usg=AOvVaw1tzMQECFPssI0Fm-1sKfQ2","",""
"ngo in bangladesh","BRAC (NGO)","Narail-Lohagara Road, Lohagara"," Lohagara","","","","","","","",""
"ngo in bangladesh","Bangladesh Association for Social Advancement BASA","# 01, No. # 42, Priyanka Runway City Uttara Dhaka Road No. # 01, House, রোড নং: ১৮, Dhaka 1230"," Dhaka","","1230","","","","/url?q=http://www.basango.org/&sa=U&ved=0ahUKEwjnz4qEnsfqAhWVdn0KHSfsDZ8Q61gIsAMoEzAJ&usg=AOvVaw1paDwUUYefx04axuDJr2Jm","",""
"ngo in bangladesh","BRAC NGO Branch Office","Lokkhi Pur Rd"," Sadullapur","","","","","","/url?q=http://www.brac.net/&sa=U&ved=0ahUKEwjnz4qEnsfqAhWVdn0KHSfsDZ8Q61gI2wMoDTAK&usg=AOvVaw07Fhm9mxgpRvbhw6miD_zr","",""
"ngo in bangladesh","Mati Head Office","67/1 Sankipara, Mymensingh, Bangladesh, S A Sarker Rd, Mymensingh 2200"," Mymensingh","","2200","","","","/url?q=http://matibangladesh.org/&sa=U&ved=0ahUKEwjnz4qEnsfqAhWVdn0KHSfsDZ8Q61gIgQQoETAL&usg=AOvVaw14fFRL5-nAN10FcPhMhcFt","",""
"ngo in bangladesh","NGO Forum For Public Health","Bogura"," Bogura","","","","","","/url?q=http://www.ngof.org/&sa=U&ved=0ahUKEwjnz4qEnsfqAhWVdn0KHSfsDZ8Q61gIrAQoDjAM&usg=AOvVaw3aHmGCLeiWiTTucA5YOfey","",""
"ngo in bangladesh","NGO Forum For Public Health Rajshahi Office","316, Rajshahi 6000"," Rajshahi","","6000","","","","/url?q=http://www.ngof.org/&sa=U&ved=0ahUKEwjnz4qEnsfqAhWVdn0KHSfsDZ8Q61gI0QQoEDAN&usg=AOvVaw2a6qi_51DxkconrT8L0o9Z","",""
"ngo in bangladesh","Usaid-DFID NGO Health Service Delivery Project","5/11, Block- D, Lalmatia, Dhaka 1207"," Dhaka","","1207","","","","/url?q=https://www.usaid.gov/bangladesh&sa=U&ved=0ahUKEwjnz4qEnsfqAhWVdn0KHSfsDZ8Q61gI9gQoDTAO&usg=AOvVaw0lp4tn_NuQLnxyf5-Ko9pu","",""
"ngo in bangladesh","PULSE Bangladesh","Opposite BGB Camp, BGB Main Road, BGB Camp Rd, Cox's Bazar 4700"," Cox's Bazar","","4700","","","","/url?q=http://www.pulsebd.org/&sa=U&ved=0ahUKEwjnz4qEnsfqAhWVdn0KHSfsDZ8Q61gIlQUoETAP&usg=AOvVaw3Dg7ZmL4LTrwu6gp0NuJEF","",""
"ngo in bangladesh","BURO Bangladesh","Rd 104, Dhaka 1212"," Dhaka","","1212","","","","/url?q=http://www.burobd.org/&sa=U&ved=0ahUKEwjnz4qEnsfqAhWVdn0KHSfsDZ8Q61gIwwUoEDAQ&usg=AOvVaw1GG2Hly3Up5Mnz5XcU7hjR","",""
"ngo in bangladesh","CEDAR NGO","768 Satmasjid Road, Dhaka 1209"," Dhaka","","1209","","","","/url?q=http://cedar-bd.org/&sa=U&ved=0ahUKEwjnz4qEnsfqAhWVdn0KHSfsDZ8Q61gI8QUoEDAR&usg=AOvVaw28mQ6jgyMbbBbswNSYZYVY","",""
"ngo in bangladesh","Bangladesh Association For Social Advancement (BASA)","K/172/4-A, Khilkhet Battola, Dhaka 1229"," Dhaka","","1229","","","","/url?q=http://www.basango.org/&sa=U&ved=0ahUKEwjnz4qEnsfqAhWVdn0KHSfsDZ8Q61gImgYoETAS&usg=AOvVaw2J2SYEI88p54d--0pFGLY0","",""
"ngo in bangladesh","Concern Worldwide Bangladesh","Road 7, Gulshan -1, Dhaka 1212"," Dhaka","","1212","","","","/url?q=http://www.concern.net/where-we-work/asia/bangladesh&sa=U&ved=0ahUKEwjnz4qEnsfqAhWVdn0KHSfsDZ8Q61gIwQYoDzAT&usg=AOvVaw0Qxp2aHCNXzrD_lLT4N0p9","",""
"ngo in bangladesh","UKBET","House No: 08(1st floor), Main Road, Block: C, Shahjalal Uposhahar, Opposite to South East Bank Ltd, Sylhet 3100"," Sylhet","","3100","","","","/url?q=http://www.ukbet-bd.org/&sa=U&ved=0ahUKEwi-n7SHnsfqAhVJAXIKHeKhDeYQ61gIGCgRMAA&usg=AOvVaw30nHWSXSQ8Fjk_L-4Oqvbe","",""
"ngo in bangladesh","Family Planning Association, NGO","2 Mosque Rd, Dhaka 1000"," Dhaka","","1000","","","","/url?q=http://www.fpab.org.bd/&sa=U&ved=0ahUKEwi-n7SHnsfqAhVJAXIKHeKhDeYQ61gIRigQMAE&usg=AOvVaw39_uqfhY3X6Msz0LriD9le","",""
"ngo in bangladesh","Buro Bangladesh Banani SME and Dhaka Zone Office","House no: 13, 17 Super Market Rd, Dhaka 1213"," Dhaka","","1213","","","","/url?q=http://www.burobd.org/&sa=U&ved=0ahUKEwi-n7SHnsfqAhVJAXIKHeKhDeYQ61gIbigSMAI&usg=AOvVaw3g5yFMbwa2TKEto3QZ21xB","",""
"ngo in bangladesh","WaterAid Bangladesh","〒1213 Dhaka, Rd No # 23"," Dhaka","","","","","","/url?q=http://www.wateraid.org/bd&sa=U&ved=0ahUKEwi-n7SHnsfqAhVJAXIKHeKhDeYQ61gInQEoEjAD&usg=AOvVaw17cwDZ6gJm3X8Uh4-iVM5Y","",""
"ngo in bangladesh","SETU NGO","Head Office, Purna Chandra Lahiri Lane, Kushtia 7000"," Kushtia","","7000","","","","/url?q=https://www.setu.ngo/&sa=U&ved=0ahUKEwi-n7SHnsfqAhVJAXIKHeKhDeYQ61gIywEoETAE&usg=AOvVaw2kiUDXPrs2_O6SDCG8fm3O","",""
"ngo in bangladesh","Al-Falah Bangladesh","9/16 Iqbal Road, Dhaka 1207"," Dhaka","","1207","","","","/url?q=http://www.alfalah.com.bd/&sa=U&ved=0ahUKEwi-n7SHnsfqAhVJAXIKHeKhDeYQ61gI-QEoEDAF&usg=AOvVaw1aKsq5FJ0kBIa1Q_vdvy2j","",""
"ngo in bangladesh","CARE Bangladesh","Level 7, RAOWA Complex, 8 VIP Road, Dhaka 1206"," Dhaka","","1206","","","","/url?q=http://www.carebangladesh.org/&sa=U&ved=0ahUKEwi-n7SHnsfqAhVJAXIKHeKhDeYQ61gIoQIoEzAG&usg=AOvVaw3gJprxHaEGjtV3RgLXNvR8","",""
"ngo in bangladesh","Bangladesh Extension Education Services","17/3, Tolarbag, Mirpur-2 No Gate, Dhaka"," Dhaka","","","","","","/url?q=http://www.beesbd.org/&sa=U&ved=0ahUKEwi-n7SHnsfqAhVJAXIKHeKhDeYQ61gI0AIoETAH&usg=AOvVaw06NzDrMk4m0z1KFSpc8wKn","",""
"ngo in bangladesh","Swanirvar Bangladesh","5/5 Rd No 7, Dhaka 1207"," Dhaka","","1207","","","","","",""
"ngo in bangladesh","Heed Bangladesh","Plot-19, Block-A, Dhaka 1216"," Dhaka","","1216","","","","/url?q=http://www.heed-bangladesh.com/&sa=U&ved=0ahUKEwi-n7SHnsfqAhVJAXIKHeKhDeYQ61gIpAMoDzAJ&usg=AOvVaw3L415zXA2k0Wvi0F-yGygz","",""
"ngo in bangladesh","'কারিতাস' 'Caritas' Bangladesh","1/E, Baizid Bostami Road, (Behind Mimi Super Market), East Nasirabad, Panchalaish, Chattogram"," Chattogram","","","","","","/url?q=http://www.caritasbd.org/&sa=U&ved=0ahUKEwi-n7SHnsfqAhVJAXIKHeKhDeYQ61gI1QMoEzAK&usg=AOvVaw0RS3d5nBIh4F6KvRm5bqJ_","",""
"ngo in bangladesh","Heed Bangladesh","N204"," Shahjahanpur","","","","","","/url?q=http://www.heed-bangladesh.com/&sa=U&ved=0ahUKEwi-n7SHnsfqAhVJAXIKHeKhDeYQ61gI_wMoDDAL&usg=AOvVaw3MMSv0F7lgeTjhre9L0zl9","",""
"ngo in bangladesh","World Vision Bangladesh - National Office","2 Abedin Tower, 35 Kemal Ataturk Ave, Dhaka 1213"," Dhaka","","1213","","","","/url?q=http://www.wvi.org/bangladesh&sa=U&ved=0ahUKEwi-n7SHnsfqAhVJAXIKHeKhDeYQ61gIqwQoDjAM&usg=AOvVaw1a-l5kbF-f-n7IVTEkhd8e","",""
"ngo in bangladesh","YPSA (Young Power in Social Action)","House # F10 (P), Block-B Chandgaon, R/A Rd No. 13, Chattogram 4212"," Chattogram","","4212","","","","/url?q=http://ypsa.org/&sa=U&ved=0ahUKEwi-n7SHnsfqAhVJAXIKHeKhDeYQ61gI2gQoETAN&usg=AOvVaw2zBe7TBpzgPWyjseB2WxlQ","",""
"ngo in bangladesh","Islamic Relief Bangladesh","Dhaka 1212"," Dhaka","","1212","","","","/url?q=http://islamicrelief.org.bd/&sa=U&ved=0ahUKEwi-n7SHnsfqAhVJAXIKHeKhDeYQ61gIhgUoDjAO&usg=AOvVaw1hl_hhhY8iduPkL_9Sed9u","",""
"ngo in bangladesh","Ukhiya Team Office, CARE Bangladesh",""," Haldia Palong","","","","","","/url?q=http://www.carebangladesh.org/&sa=U&ved=0ahUKEwi-n7SHnsfqAhVJAXIKHeKhDeYQ61gIpAUoCTAP&usg=AOvVaw25pNRyBsFlHRkGqzKQXkc4","",""
"ngo in bangladesh","Shushilan",""," Munshiganj","","","","","","/url?q=http://www.shushilan.org/&sa=U&ved=0ahUKEwi-n7SHnsfqAhVJAXIKHeKhDeYQ61gIywUoCTAQ&usg=AOvVaw04A3rvQtPwMubt9Ac1kypR","",""
"ngo in bangladesh","Danish Refugee Council, Bangladesh","Sayeman Heritage Residence (1st Floor), Sayeman Road, Baharchara, Cox's Bazar, 4700"," Cox's Bazar","","4700","","","","/url?q=https://drc.ngo/where-we-work/asia/bangladesh&sa=U&ved=0ahUKEwi-n7SHnsfqAhVJAXIKHeKhDeYQ61gI-AUoDzAR&usg=AOvVaw1xtIKoUiuixNACtjFQpLyX","",""
"ngo in bangladesh","ASA Branch Office, Comilla Sadar 3","Comilla - Bibir Bazar Rd, Cumilla"," Cumilla","","","","","","/url?q=http://www.asa.org.bd/&sa=U&ved=0ahUKEwi-n7SHnsfqAhVJAXIKHeKhDeYQ61gIoQYoCzAS&usg=AOvVaw1Yui59P-wnnmZNK_sfphO3","",""
"ngo in bangladesh","Helvetas Swiss Intercooperation Bangladesh","House 13/A NE(K), Rd 83, Dhaka 1212"," Dhaka","","1212","","","","/url?q=http://www.helvetas.org/bangladesh&sa=U&ved=0ahUKEwi-n7SHnsfqAhVJAXIKHeKhDeYQ61gIyAYoEjAT&usg=AOvVaw2GSa19CQmCtD9frmZ4Muw8","",""
"ngo in bangladesh","Bangladesh Environment and Development Society (BEDS)","House No. 6/3, Road No 01 Prantika R/A, Nirala, Khulna, 9100"," Khulna","","9100","","","","/url?q=https://www.bedsbd.org/&sa=U&ved=0ahUKEwixnfqJnsfqAhWNbn0KHZwpDFEQ61gIFigPMAA&usg=AOvVaw19cD5kwWnfNFRKFxm2xJ63","",""
"ngo in bangladesh","RDRS Bangladesh, Thakurgaon","Jagannathpur, Dhaka - Thakurgaon Hwy"," Jagannathpur","","","","","","","",""
"ngo in bangladesh","RDRS Bangladesh Tatulia Office","Tentulia 5030"," Tentulia","","5030","","","","","",""
"ngo in bangladesh","Aid Foundation","Jhenaidah"," Jhenaidah","","","","","","/url?q=http://www.aid-bd.org/&sa=U&ved=0ahUKEwixnfqJnsfqAhWNbn0KHZwpDFEQ61gIeygKMAM&usg=AOvVaw366sYq4HIJ8GyyIDvJYwgo","",""
"ngo in bangladesh","Friendship","K14, 2A North Road, Dhaka 1212"," Dhaka","","1212","","","","/url?q=http://www.friendship.ngo/&sa=U&ved=0ahUKEwixnfqJnsfqAhWNbn0KHZwpDFEQ61gIoQEoETAE&usg=AOvVaw1wZE4_vg9SyJiQy2lDxNyT","",""
"ngo in bangladesh","ASA District Office, Feni","Moduai Rd"," Barahipur","","","","","","/url?q=http://www.asa.org.bd/&sa=U&ved=0ahUKEwixnfqJnsfqAhWNbn0KHZwpDFEQ61gIzAEoDTAF&usg=AOvVaw2LZwCtFZzXwhDqCZZVKv0y","",""
"ngo in bangladesh","Bangladesh Child And Women Foundation","Rd No 5, Dhaka 1212"," Dhaka","","1212","","","","","",""
"ngo in bangladesh","iDE Bangladesh","Rd 90, Dhaka 1212"," Dhaka","","1212","","","","/url?q=http://www.ideglobal.org/&sa=U&ved=0ahUKEwixnfqJnsfqAhWNbn0KHZwpDFEQ61gIkAIoEDAH&usg=AOvVaw2W_WRfNE2jkzsFbseKz2HY","",""
"ngo in bangladesh","ASA Branch Office, Shonkuchail","Comilla - B.Baria Bypass Road, 3500"," Rajapur","","3500","","","","/url?q=http://www.asa.org.bd/&sa=U&ved=0ahUKEwixnfqJnsfqAhWNbn0KHZwpDFEQ61gIugIoDTAI&usg=AOvVaw1parwJADRx-8_e8AE8kNCm","",""
"ngo in bangladesh","NGO Affairs Bureau, PM Office","Dhaka"," Dhaka","","","","","","/url?q=http://www.ngoab.gov.bd/&sa=U&ved=0ahUKEwixnfqJnsfqAhWNbn0KHZwpDFEQ61gIzwIoCjAJ&usg=AOvVaw1yrHL2qR8S9KCsfNZjvlLP","",""
"ngo in bangladesh","Light House","Sher-e-Bangla Nagar Road, Bogura"," Bogura","","","","","","/url?q=http://www.lighthousebd.org/&sa=U&ved=0ahUKEwixnfqJnsfqAhWNbn0KHZwpDFEQ61gI_AIoDzAK&usg=AOvVaw1n4c9qx8pXrySQC--dP99E","",""
"ngo in bangladesh","Ashrai Technical Training Center","Darusha-Baya Rd"," Noahata","","","","","","","",""
"ngo in bangladesh","BURO Bangladesh","Culvert, Shiddhirganj 1361"," East Dogair","","1361"," Dhaka","","","/url?q=http://www.burobd.org/&sa=U&ved=0ahUKEwixnfqJnsfqAhWNbn0KHZwpDFEQ61gIwgMoEDAM&usg=AOvVaw3PqLfiRofBD5yAPYpLCPrq","",""
"ngo in bangladesh","Aloha Social Services Bangladesh (ASSB)","Aloha Bangladesh Rd, Dinajpur 5200"," Dinajpur","","5200","","","","/url?q=http://alohabangladesh.org/&sa=U&ved=0ahUKEwixnfqJnsfqAhWNbn0KHZwpDFEQ61gI8AMoEDAN&usg=AOvVaw2HS3Naq9fm7Ufg4OnBMxB1","",""
"ngo in bangladesh","ASA Branch Office, Jorarganj","Old Dhaka-Chittagong Hwy, Zorargonj"," Zorargonj","","","","","","/url?q=http://www.asa.org.bd/&sa=U&ved=0ahUKEwixnfqJnsfqAhWNbn0KHZwpDFEQ61gImQQoDDAO&usg=AOvVaw1L50rGIqql1Uta5j_6WUvS","",""
"ngo in bangladesh","Brac NGO Office","Sirajganj"," Sirajganj","","","","","","","",""
"ngo in bangladesh","RDRS Bangladesh, Haribhanga Office","Haribhanga, Airport Rd, Mahendranagar 5500"," Mahendranagar","","5500","","","","","",""
"ngo in bangladesh","RDRS Bangladesh Regional Office","Thakurgaon - Pirganj Rd"," Pirganj","","","","","","","",""
"ngo in bangladesh","United Nations Development Programme","IDB Bhaban, 18th Floor, UN Offices, E/8-A, Begum Rokeya Sarani, Dhaka 1207"," Dhaka","","1207","","","","/url?q=http://www.bd.undp.org/&sa=U&ved=0ahUKEwixnfqJnsfqAhWNbn0KHZwpDFEQ61gIsAUoETAS&usg=AOvVaw3nLtLZbPYmPfYCiLA_HUZH","",""
"ngo in bangladesh","Aram Foundation","109, ARAMFO Liason Office, 1 Circuit House Rd, Dhaka 1217"," Dhaka","","1217","","","","","",""
"ngo in bangladesh","Compassion International Bangladesh","House # 53, Block - E, 10 Enamul Hoq Chowdhury Road, Dhaka 1213"," Dhaka","","1213","","","","/url?q=https://www.compassion.com/about/where/bangladesh.htm&sa=U&ved=0ahUKEwjZu76NnsfqAhWKXSsKHWZBDIQQ61gIFCgNMAA&usg=AOvVaw0cnxQ8H8ocwnH2qcSA4Ev9","",""
"ngo in bangladesh","Save the Children (Bangladesh)","House No CWN (A) 35, Road 43, Dhaka 1212"," Dhaka","","1212","","","","/url?q=https://bangladesh.savethechildren.net/&sa=U&ved=0ahUKEwjZu76NnsfqAhWKXSsKHWZBDIQQ61gIOygPMAE&usg=AOvVaw0N4UM0HD9yIF90_pq6V4GP","",""
"ngo in bangladesh","Access Bangladesh","10 Tarapur, 1340"," Savar Union","","1340","","","","/url?q=https://www.accessbangladesh.org/&sa=U&ved=0ahUKEwjZu76NnsfqAhWKXSsKHWZBDIQQ61gIZigOMAI&usg=AOvVaw2jC6SXM31z7g5kZvFW_Yc7","",""
"ngo in bangladesh","Centre For Community Development Assistance (CCDA)","1/8, Block G, (Old BDDL House ঢাকা, 1207"," Dhaka","","1207","","","","/url?q=http://www.ccdabd.org/&sa=U&ved=0ahUKEwjZu76NnsfqAhWKXSsKHWZBDIQQ61gIgwEoDzAD&usg=AOvVaw1vRZgBs4LKUleO4wGVpkXB","",""
"ngo in bangladesh","Oxfam in Bangladesh","RAOWA Complex, Level-8 (Southern Side, VIP Road, Dhaka 1206"," Dhaka","","1206","","","","/url?q=http://www.oxfam.org/bangladesh&sa=U&ved=0ahUKEwjZu76NnsfqAhWKXSsKHWZBDIQQ61gItAEoEzAE&usg=AOvVaw1WZ1H64jAfYTlBdFJvrct3","",""
"ngo in bangladesh","Bangladesh Human Rights and Resources Development Society, (BHRRDS)","Dhanmondi Lake Rd, Dhaka 1209"," Dhaka","","1209","","","","","",""
"ngo in bangladesh","BURO Bangladesh","Khulna"," Khulna","","","","","","/url?q=http://www.burobd.org/&sa=U&ved=0ahUKEwjZu76NnsfqAhWKXSsKHWZBDIQQ61gI-gEoDjAG&usg=AOvVaw2ftTzDo2KTgT1p68jj1jhE","",""
"ngo in bangladesh","Agrajattra","Lichu Bagan Ln, Chattogram"," Chattogram","","","","","","/url?q=http://www.agrajattra.org.bd/&sa=U&ved=0ahUKEwjZu76NnsfqAhWKXSsKHWZBDIQQ61gIpgIoDzAH&usg=AOvVaw10Agk6wj1SJ3eQ0aRzHuMQ","",""
"ngo in bangladesh","Ambala Foundation","House No-62, Block-Ka Pisciculture Housing Society, Dhaka 1207"," Dhaka","","1207","","","","/url?q=http://www.ecbangladesh.org/&sa=U&ved=0ahUKEwjZu76NnsfqAhWKXSsKHWZBDIQQ61gI1gIoETAI&usg=AOvVaw0yAs0zBYRkyuDwNRNIUuo5","",""
"ngo in bangladesh","CSS Home Of Blessings","Khulna"," Khulna","","","","","","/url?q=http://www.cssbd.org/&sa=U&ved=0ahUKEwjZu76NnsfqAhWKXSsKHWZBDIQQ61gIgQMoDjAJ&usg=AOvVaw2XFMevORXqbZUozAGxlrOb","",""
"ngo in bangladesh","Integrated Development Foundation (IDF)","House No: 20, Avenue: 2, Block: D, Mirpur 2"," Dhaka","","","","","","/url?q=http://www.idfbd.org/&sa=U&ved=0ahUKEwjZu76NnsfqAhWKXSsKHWZBDIQQ61gIogMoDTAK&usg=AOvVaw2FZ8zUKa4xsJI2l4BNxQjQ","",""
"ngo in bangladesh","BURO Bangladesh, Meherpur Branch","Meherpur"," Meherpur","","","","","","/url?q=http://www.burobd.org/&sa=U&ved=0ahUKEwjZu76NnsfqAhWKXSsKHWZBDIQQ61gIzAMoDTAL&usg=AOvVaw0irNmb20dvlgiX4SU98Ly7","",""
"ngo in bangladesh","Al-Markazul Islami Bangladesh","21, 17 Babar Rd, Dhaka 1207, Bangladesh, 013 16 11 16 88, 01818 73 29 05"," Dhaka","","01818","","","","/url?q=https://markazbd.org/&sa=U&ved=0ahUKEwjZu76NnsfqAhWKXSsKHWZBDIQQ61gI7gMoDTAM&usg=AOvVaw2dXwcVQmkqjr6H1jg4vyym","",""
"ngo in bangladesh","মুক্তি কক্সবাজার প্রধান কার্যালয়","সারদা ভবন, গোলদীঘির পাড়, কক্সবাজার।, 4700"," Cox's Bazar","","4700","","","","/url?q=http://www.muktibd.org/&sa=U&ved=0ahUKEwjZu76NnsfqAhWKXSsKHWZBDIQQ61gImwQoDzAN&usg=AOvVaw36ZTmzjHzTa_3f43aRssWm","",""
"ngo in bangladesh","RDRS Bangladesh Dhaka","43 Rd -10, Dhaka 1230"," Dhaka","","1230","","","","","",""
"ngo in bangladesh","Sonar Bangla Foundation Bangladesh","LEVEL-5, Rupayan Shelford, 23/6, Dhaka 1207"," Dhaka","","1207","","","","/url?q=http://www.sbfus.org/&sa=U&ved=0ahUKEwjZu76NnsfqAhWKXSsKHWZBDIQQ61gI8gQoEzAP&usg=AOvVaw18IsQdbqKBgXoLnp3luJyQ","",""
"ngo in bangladesh","Water and Life Bangladesh (NGO of Eau et Vie, France)","Sat Tara Mosque Road, Begum Rokeya Ave, Dhaka"," Dhaka","","","","","","/url?q=http://eauetvie.fr/en/pays/bangladesh&sa=U&ved=0ahUKEwjZu76NnsfqAhWKXSsKHWZBDIQQ61gIoAUoETAQ&usg=AOvVaw2ZsW1Qf2LdriQoLd_aR6Qa","",""
"ngo in bangladesh","Access Foundation Bangladesh","Savar Union"," Savar-Paurashava","","","","","","","",""
"ngo in bangladesh","Civic Bangladesh","Babar Rd, Dhaka"," Dhaka","","","","","","","",""
"ngo in bangladesh","Plan International Bangladesh","Country Office, 14 Rd 35, Dhaka 1212"," Dhaka","","1212","","","","/url?q=https://plan-international.org/bangladesh&sa=U&ved=0ahUKEwjZu76NnsfqAhWKXSsKHWZBDIQQ61gIjwYoEjAT&usg=AOvVaw03xIsGzOKu5_oNnTIgchce","",""
"ngo in bangladesh","Asia Arsenic Network Bangladesh","Friendship General Hospital, House No.23 Avenue 8, Banasree, Rampura, Dhaka 1219, 7th floor of Yamagata Dhaka, Dhaka"," Dhaka","","1219","","","","/url?q=http://aan-bangladesh.org/&sa=U&ved=0ahUKEwi4nPKQnsfqAhXMbn0KHd92CasQ61gIGCgRMAA&usg=AOvVaw1_R_nLp-yia8P7w8DCEU5V","",""
"ngo in bangladesh","HEED Bangladesh","Soudia Vhaban,Subornoor Chor, Noakhali"," Char Bata","","","","","","/url?q=http://www.heed-bangladesh.com/&sa=U&ved=0ahUKEwi4nPKQnsfqAhXMbn0KHd92CasQ61gIPSgIMAE&usg=AOvVaw0LnIc8PCwELd_zyqseKOgC","",""
"ngo in bangladesh","Breaking The Silence","Breaking the Silence Plot # 2/4, Lalmatia, Block-G, Dhaka 1207"," Dhaka","","1207","","","","/url?q=http://breakingthesilencebd.org/&sa=U&ved=0ahUKEwi4nPKQnsfqAhXMbn0KHd92CasQ61gIZCgPMAI&usg=AOvVaw1ei2lOncXTtpzKPqcWQ_f6","",""
"ngo in bangladesh","ADD International, Bangladesh","B-3, House, ADD International, Basati Samraggi, Flat, # 25 Rd No-6, Dhaka 1213"," Dhaka","","1213","","","","/url?q=http://www.add.org.uk/countries/bangladesh&sa=U&ved=0ahUKEwi4nPKQnsfqAhXMbn0KHd92CasQ61gIkAEoDzAD&usg=AOvVaw2igzKqI6WFQAqy0o-3WEKu","",""
"ngo in bangladesh","COAST Trust","Metro Melody, House 13 Rd No. 2, Dhaka 1207"," Dhaka","","1207","","","","/url?q=http://www.coastbd.net/&sa=U&ved=0ahUKEwi4nPKQnsfqAhXMbn0KHd92CasQ61gIrwEoETAE&usg=AOvVaw2eAV4SR3ldkfOBYvvlVeDU","",""
"ngo in bangladesh","Muslim Aid - UK, Bangladesh Country Office","House No. 13 (4th & 5th Floor), Block J, Road No 27, Dhaka 1213"," Dhaka","","1213","","","","/url?q=http://www.muslimaid.org.bd/&sa=U&ved=0ahUKEwi4nPKQnsfqAhXMbn0KHd92CasQ61gI3QEoETAF&usg=AOvVaw0768ACcm47wwi92-ORWXOh","",""
"ngo in bangladesh","ADAB","Dhaka"," Dhaka","","","","","","/url?q=http://www.adab.org.bd/&sa=U&ved=0ahUKEwi4nPKQnsfqAhXMbn0KHd92CasQ61gIggIoDjAG&usg=AOvVaw1KvnePWAXjejyCF5PF_iGm","",""
"ngo in bangladesh","Friendship","Bus Stand Rd, Kurigram"," Kurigram","","","","","","/url?q=http://www.friendship-bd.org/&sa=U&ved=0ahUKEwi4nPKQnsfqAhXMbn0KHd92CasQ61gIpgIoEDAH&usg=AOvVaw22Z2RQNRPy5HYyDOnp6mjt","",""
"ngo in bangladesh","Ankur ICT Development Foundation","6 Road-06, Dhaka 1230"," Dhaka","","1230","","","","","",""
"ngo in bangladesh","Center for Natural Resource Studies (CNRS)","Blessing Jui, House, 13 Rd No 17, Dhaka 1213"," Dhaka","","1213","","","","/url?q=http://www.cnrs.org.bd/&sa=U&ved=0ahUKEwi4nPKQnsfqAhXMbn0KHd92CasQ61gI4AIoEjAJ&usg=AOvVaw0BhEGHIBmPpvQejBJ_A7id","",""
"ngo in bangladesh","Bangladesh Society for the Enforcement of Human Rights","4, College Rd, Dhaka 1100"," Dhaka","","1100","","","","/url?q=http://www.manabadhikar.org/&sa=U&ved=0ahUKEwi4nPKQnsfqAhXMbn0KHd92CasQ61gIkAMoEjAK&usg=AOvVaw34c4bNrsJQLSRxGFN2nQDG","",""
"ngo in bangladesh","Solidarity Center Bangladesh","house 9 Rd 127, Dhaka 1212"," Dhaka","","1212","","","","/url?q=http://www.solidaritycenter.org/tag/bangladesh/&sa=U&ved=0ahUKEwi4nPKQnsfqAhXMbn0KHd92CasQ61gIugMoDDAL&usg=AOvVaw1_sQHvPduS1x6bYeXyBI4x","",""
"ngo in bangladesh","Coastal Association For Social Transformation Trust","Orchid, House No: 75 Block: A Light House Road East side of Niribili, Cox's Bazar"," Cox's Bazar","","","","","","/url?q=http://www.coastbd.net/&sa=U&ved=0ahUKEwi4nPKQnsfqAhXMbn0KHd92CasQ61gI2QMoETAM&usg=AOvVaw1BzUtLt0Flz5-bdwnvzHys","",""
"ngo in bangladesh","BRAC Office, Shariatpur Sadar Branch","Shariatpur-Madaripur Hwy"," Paurashava","","","","","","/url?q=http://brac.net/&sa=U&ved=0ahUKEwi4nPKQnsfqAhXMbn0KHd92CasQ61gI-gMoDDAN&usg=AOvVaw1D3MIpyQAbb0mJktSKDPBo","",""
"ngo in bangladesh","Friendship","Kurigram"," Kurigram","","","","","","/url?q=http://www.friendship-bd.org/&sa=U&ved=0ahUKEwi4nPKQnsfqAhXMbn0KHd92CasQ61gIpAQoDTAO&usg=AOvVaw3_WeN92u-poiUBr-ySjIx7","",""
"ngo in bangladesh","SOS Children's Village","1 Mirpur Rd, Dhaka 1207"," Dhaka","","1207","","","","/url?q=https://www.sos-childrensvillages.org/where-we-help/asia/bangladesh/dhaka&sa=U&ved=0ahUKEwi4nPKQnsfqAhXMbn0KHd92CasQ61gIvwQoEDAP&usg=AOvVaw2rfxvDHMEVSvrDc1iA-j2H","",""
"ngo in bangladesh","Aparajeyo-Bangladesh (Cox's Bazar)","R180, Cox's Bazar"," Cox's Bazar","","","","","","/url?q=http://www.aparajeyo.org/&sa=U&ved=0ahUKEwi4nPKQnsfqAhXMbn0KHd92CasQ61gI6wQoDzAQ&usg=AOvVaw0IzEEoIsIzw64cD7H13tU7","",""
"ngo in bangladesh","Wave Foundation Training Center","Malo Para Road, Chuadanga"," Chuadanga","","","","","","/url?q=http://www.wavefoundationbd.org/&sa=U&ved=0ahUKEwi4nPKQnsfqAhXMbn0KHd92CasQ61gIggUoDDAR&usg=AOvVaw1Hv5HLzsS1GtvpFmwLRLnL","",""
"ngo in bangladesh","Agrogoti Sangstha","Satkhira"," Nagarghata","","","","","","/url?q=http://agrogoti.org/&sa=U&ved=0ahUKEwi4nPKQnsfqAhXMbn0KHd92CasQ61gIoQUoCjAS&usg=AOvVaw3y5egi6bK6SpBiO0uyAvgN","",""
"ngo in bangladesh","Ashokta Punarbashan Sangstha (APOSH)","Alia, Madrasha Rd, Rajshahi 6201"," Rajshahi","","6201","","","","","",""
"ngo in bangladesh","BEES Training Center","Dhaka"," Dhaka","","","","","","/url?q=http://beesbd.org/&sa=U&ved=0ahUKEwjd-OeUnsfqAhUVfisKHUsgBewQ61gIFSgOMAA&usg=AOvVaw1Y97svdhGMuWKVnynQ90qQ","",""
"ngo in bangladesh","The Hunger Project-Bangladesh","Dhaka 1205"," Dhaka","","1205","","","","/url?q=http://www.thpbd.org/&sa=U&ved=0ahUKEwjd-OeUnsfqAhUVfisKHUsgBewQ61gIOygOMAE&usg=AOvVaw2fXfnRMRdeFJVZ7nNgX3xI","",""
"ngo in bangladesh","NGO Affairs Bureau","Dhaka"," Dhaka","","","","","","/url?q=http://www.ngoab.gov.bd/&sa=U&ved=0ahUKEwjd-OeUnsfqAhUVfisKHUsgBewQ61gIZygOMAI&usg=AOvVaw0y6M1IYwxZJiXFPvmhWGPM","",""
"ngo in bangladesh","IUCN Bangladesh","Dhaka 1212"," Dhaka","","1212","","","","/url?q=http://www.iucn.org/regions/asia/countries/bangladesh&sa=U&ved=0ahUKEwjd-OeUnsfqAhUVfisKHUsgBewQ61gIkwEoDjAD&usg=AOvVaw247HmOuqgH5_XYnZ13Q806","",""
"ngo in bangladesh","Dhaka Ahsania Mission","19 Rd No 12, Dhaka 1209"," Dhaka","","1209","","","","/url?q=http://www.ahsaniamission.org.bd/&sa=U&ved=0ahUKEwjd-OeUnsfqAhUVfisKHUsgBewQ61gIwQEoEDAE&usg=AOvVaw1G2YjSwm-jmnbsLyzb5nNU","",""
"ngo in bangladesh","Association for Prevention of Septic Abortion, Bangladesh","House # 6/3, Block-D, Borobagh, Dhaka 1216","","","1216","","","","/url?q=http://bapsa-bd.org/ContactUs.aspx&sa=U&ved=0ahUKEwjd-OeUnsfqAhUVfisKHUsgBewQ61gI6QEoDDAF&usg=AOvVaw0afZWOlc7I7Z7BTUwZMxT0","",""
"ngo in bangladesh","Awaj Foundation","5/f Rasulbag Rd, Dhaka 1205"," Dhaka","","1205","","","","/url?q=http://awajfoundation.org/&sa=U&ved=0ahUKEwjd-OeUnsfqAhUVfisKHUsgBewQ61gIhwIoEDAG&usg=AOvVaw1DFDuu7xCQ1TCVFJ0FbhTe","",""
"ngo in bangladesh","Bangladesh Institute Of Labour Studies","House- 20, Road- 11(New) 32(Old), Dhanmondi R/A, Dhaka 1209"," Dhaka","","1209","","","","/url?q=http://www.bilsbd.org/&sa=U&ved=0ahUKEwjd-OeUnsfqAhUVfisKHUsgBewQ61gIrQIoETAH&usg=AOvVaw0vo8QbMyvL_nRcFb39x0go","",""
"ngo in bangladesh","Humanitarian Agency for Development Services","Sirajuddowlah Rd, Thakurgaon"," Thakurgaon","","","","","","","",""
"ngo in bangladesh","SERAC Bangladesh (Dhaka Office)","C-4, House#140/141, Road#8, Block #B, Mirpur-12, Dhaka, 1216"," Dhaka","","1216","","","","/url?q=http://serac-bd.org/&sa=U&ved=0ahUKEwjd-OeUnsfqAhUVfisKHUsgBewQ61gI8wIoDzAJ&usg=AOvVaw1WZak6dLFr8qPWzsDb-q0o","",""
"ngo in bangladesh","JAGORANI CHAKRA FOUNDATION","46, Mujib, Shahid Sarak Rd, Jashore 7400"," Jashore","","7400","","","","/url?q=http://www.jcf.org.bd/&sa=U&ved=0ahUKEwjd-OeUnsfqAhUVfisKHUsgBewQ61gIowMoEjAK&usg=AOvVaw1rDA1DD7_fWJ9o_E1pt4e0","",""
"ngo in bangladesh","Gonoshahajjo Sangstha (GSS), Mymensingh RTC","Dhaka - Mymensingh Hwy"," Bhabkhali","","","","","","/url?q=http://www.gssbangladesh.org/&sa=U&ved=0ahUKEwjd-OeUnsfqAhUVfisKHUsgBewQ61gIzQMoDTAL&usg=AOvVaw0guQ-_3tjQ0WFQSL7QHOl_","",""
"ngo in bangladesh","Ain o Salish Kendra (ASK)","2, 16 BLOCK # B, Dhaka 1207"," Dhaka","","1207","","","","/url?q=http://www.askbd.org/&sa=U&ved=0ahUKEwjd-OeUnsfqAhUVfisKHUsgBewQ61gI8wMoEjAM&usg=AOvVaw2VfhaxWWkNmfKNqZak6Ulu","",""
"ngo in bangladesh","MRDI Bangladesh","8/19 Sir Syed Road, Dhaka"," Dhaka","","","","","","/url?q=http://www.mrdibd.org/&sa=U&ved=0ahUKEwjd-OeUnsfqAhUVfisKHUsgBewQ61gInwQoDzAN&usg=AOvVaw3Ba1u6L_ge2HBoek9kBXEG","",""
"ngo in bangladesh","UNICEF Bangladesh Country Office","BSL Office Complex, 1 Minto Rd, Dhaka"," Dhaka","","","","","","/url?q=https://www.unicef.org/bangladesh/&sa=U&ved=0ahUKEwjd-OeUnsfqAhUVfisKHUsgBewQ61gIzwQoEjAO&usg=AOvVaw19wFtGVBDVuBe8igpm4XsE","",""
"ngo in bangladesh","CARE BD North East Regional Office","Sunamganj"," Sunamganj","","","","","","/url?q=http://www.carebangladesh.org/&sa=U&ved=0ahUKEwjd-OeUnsfqAhUVfisKHUsgBewQ61gI9wQoCjAP&usg=AOvVaw3iAp2Ch5UtP7ZGY8A_uXQp","",""
"ngo in bangladesh","World Vision","Phulbari Road, Phulbari"," Phulbari","","","","","","/url?q=http://www.wvi.org/bangladesh&sa=U&ved=0ahUKEwjd-OeUnsfqAhUVfisKHUsgBewQ61gIoQUoDDAQ&usg=AOvVaw2ewS5NcVNXspbJOA3EQvku","",""
"ngo in bangladesh","MIDAS (Micro Industries Development Assistance and Services)","MIDAS, MIDAS Center (11th Floor), Plot No.5, Road No.16, Dhanmondi Dhaka-1206, Bangladesh, 1206"," Dhaka","","1206","","","","/url?q=http://www.midas.org.bd/&sa=U&ved=0ahUKEwjd-OeUnsfqAhUVfisKHUsgBewQ61gIxQUoDzAR&usg=AOvVaw3Yybz95vnGsTY2hRfBsJ9h","",""
"ngo in bangladesh","Educo Bangladesh","House 12, 1 Rd 138, Dhaka 1212"," Dhaka","","1212","","","","/url?q=http://educo.org.bd/&sa=U&ved=0ahUKEwjd-OeUnsfqAhUVfisKHUsgBewQ61gI9wUoEjAS&usg=AOvVaw3JliA17AH1hFPl5Kb_JEKT","",""
"ngo in bangladesh","Gonoshahajjo Sangstha","44 Shahid Tajuddin Sarani, Tejgaon, Dhaka 1280"," Dhaka","","1280","","","","/url?q=http://www.gssbangladesh.org/&sa=U&ved=0ahUKEwjd-OeUnsfqAhUVfisKHUsgBewQ61gIpgYoETAT&usg=AOvVaw3PYZ1NcWRw0wAnCg3MmIAY","",""
"ngo in bangladesh","SHAREE","Road 4, House 11, 2nd floor, Dhaka 1205"," Dhaka","","1205","","","","/url?q=http://sharee.org.bd/&sa=U&ved=0ahUKEwixua2YnsfqAhUXQH0KHd0qAjQQ61gIFigPMAA&usg=AOvVaw171tkOLmrYcCc0QnaxpCOv","",""
"ngo in bangladesh","Rainbow Nari O Shishu Kallyan Foundation","M. C. Roy Ln, Dhaka 1211"," Dhaka","","1211","","","","","",""
"ngo in bangladesh","Bangladesh Mahila Parishad","1000, 10/B/1,Sufia Kamal Bhaban, Segun Bagicha Rd, Dhaka 1205"," Dhaka","","1205","","","","/url?q=http://mahilaparishad.org/&sa=U&ved=0ahUKEwixua2YnsfqAhUXQH0KHd0qAjQQ61gIXygPMAI&usg=AOvVaw2F2l80eBf-82Syx6Q67GVl","",""
"ngo in bangladesh","Shakti Foundation for Disadvantaged Women","House-04, Road 01 Main Road,Mirpur-11, Dhaka 1216"," Dhaka","","1216","","","","/url?q=http://www.shakti.org.bd/&sa=U&ved=0ahUKEwixua2YnsfqAhUXQH0KHd0qAjQQ61gIjAEoDzAD&usg=AOvVaw3YorlMuwrSFJ0JrOilqcir","",""
"ngo in bangladesh","ASA Branch Office, Adabor","Shakhertek Main Rd, Dhaka"," Dhaka","","","","","","/url?q=http://www.asa.org.bd/&sa=U&ved=0ahUKEwixua2YnsfqAhUXQH0KHd0qAjQQ61gIuAEoDzAE&usg=AOvVaw0Q-2_aWB4jhePu4t4xSYG-","",""
"ngo in bangladesh","ASA","23/3, Bir Uttam ANM Nuruzzaman Sarak, Shyamoli, Dhaka 1207"," Dhaka","","1207","","","","/url?q=http://www.asa.org.bd/&sa=U&ved=0ahUKEwixua2YnsfqAhUXQH0KHd0qAjQQ61gI6AEoETAF&usg=AOvVaw2irF8mrwLBF9PqyvNdZHxW","",""
"ngo in bangladesh","CMES Head Office","Center for Mass Education in Science (CMES), house 61 Rd No 9A, Dhaka 1209"," Dhaka","","1209","","","","/url?q=http://www.cmesbd.org/&sa=U&ved=0ahUKEwixua2YnsfqAhUXQH0KHd0qAjQQ61gIiAIoETAG&usg=AOvVaw2Oh2hmP1k1TJY9ioKgUrBo","",""
"ngo in bangladesh","Institute of Development Affairs","41/a Shahjalal Upashahar Main Rd, Sylhet"," Sylhet","","","","","","/url?q=http://www.idea.org.bd/&sa=U&ved=0ahUKEwixua2YnsfqAhUXQH0KHd0qAjQQ61gIqwIoDzAH&usg=AOvVaw0EV7irM6Bdb_94rkpy0yO2","",""
"ngo in bangladesh","Dayemi Foundation","42, Chotto Dayera Sharif, 2 Azimpur Rd, Dhaka 1205"," Dhaka","","1205","","","","/url?q=http://www.dayemifoundation.org/&sa=U&ved=0ahUKEwixua2YnsfqAhUXQH0KHd0qAjQQ61gI1QIoEzAI&usg=AOvVaw0lY2pDZovFiCIaxpnanSmn","",""
"ngo in bangladesh","Bangladesh Mahila Samity","4 Natak Sharony, Baily Rd, Dhaka 1205"," Dhaka","","1205","","","","","",""
"ngo in bangladesh","সেন্টার ফর ডিজএ্যাবিলিটি ইন্ ডেভেলপমেন্ট সিডিডি","A-18/6, Genda, Savar, Dhaka 1340"," Genda","","1340","","","","/url?q=http://www.cdd.org.bd/&sa=U&ved=0ahUKEwixua2YnsfqAhUXQH0KHd0qAjQQ61gIsgMoETAK&usg=AOvVaw3iSnkfxA6h6Gf9QVbHkwr4","",""
"ngo in bangladesh","Chittagong Lions Foundation","N1, Chattogram"," Chattogram","","","","","","","",""
"ngo in bangladesh","Sushilan","Jalil Sharoni, 155 Jalil - Sarani, Khulna 9100"," Khulna","","9100","","","","/url?q=http://www.shushilan.org/&sa=U&ved=0ahUKEwixua2YnsfqAhUXQH0KHd0qAjQQ61gI_wMoETAM&usg=AOvVaw2-LpuoZ57Wp0DBRs4gHeDe","",""
"ngo in bangladesh","Max Foundation Bangladesh Country Office","Khilji Rd, Dhaka"," Dhaka","","","","","","/url?q=http://www.maxfoundation.org/&sa=U&ved=0ahUKEwixua2YnsfqAhUXQH0KHd0qAjQQ61gIqgQoDDAN&usg=AOvVaw2rV-w9s7f2o3V-tDFTXDwJ","",""
"ngo in bangladesh","Brac","Kamrangirchar, Najir Villa Signboard, West Ashrafabad, Dhaka 1211"," Dhaka","","1211","","","","/url?q=http://www.brac.net/&sa=U&ved=0ahUKEwixua2YnsfqAhUXQH0KHd0qAjQQ61gI1wQoDzAO&usg=AOvVaw0PumNrGQKepuemZZiq4TmL","",""
"ngo in bangladesh","Al-Khair Foundation, Bangladesh Country Office","House: 1/A, Road: 04, Dhaka"," Dhaka","","","","","","/url?q=http://www.alkhair.org/&sa=U&ved=0ahUKEwixua2YnsfqAhUXQH0KHd0qAjQQ61gI9gQoDzAP&usg=AOvVaw3jagRB5cZyqq8rct76ejMs","",""
"ngo in bangladesh","Prochesta Foundation","Uttor Begun Bari Moshjid Rd, Dhaka 1208"," Dhaka","","1208","","","","","",""
"ngo in bangladesh","Sancred Welfare Foundation (SWF)","65/3, Narinda Road, Wari, Dhaka 1203"," Dhaka","","1203","","","","/url?q=http://www.sancred.org/&sa=U&ved=0ahUKEwixua2YnsfqAhUXQH0KHd0qAjQQ61gIywUoDzAR&usg=AOvVaw36U-TO4gXG6VD1T-n1EOdO","",""
"ngo in bangladesh","SNAD Foundation Bangladesh","House No, 78/E Road-12, Dhaka 1213"," Dhaka","","1213","","","","/url?q=http://www.snadfoundation.org/&sa=U&ved=0ahUKEwixua2YnsfqAhUXQH0KHd0qAjQQ61gI6wUoETAS&usg=AOvVaw09DzALDv3vV03_ALkkTSzy","",""
"ngo in bangladesh","Population Services And Training Center (PSTC) HQ","House # 93/3, Level 4-6, Road # 8, Block - C Niketon, Gulshan 1, Dhaka 1212"," Dhaka","","1212","","","","/url?q=http://www.pstc-bgd.org/&sa=U&ved=0ahUKEwixua2YnsfqAhUXQH0KHd0qAjQQ61gIlwYoDzAT&usg=AOvVaw0ZQsTsokttapxDsH1lENOh","",""
"ngo in bangladesh","SERAC Bangladesh (Mymensingh office)","Doulat Munshi Lane, Kristopur Rd, Mymensingh 2200"," Mymensingh","","2200","","","","/url?q=http://serac-bd.org/&sa=U&ved=0ahUKEwja2IOensfqAhVOeX0KHUERDsEQ61gIGSgSMAA&usg=AOvVaw26SLWb-GeIFMad7XQV_5Y2","",""
"ngo in bangladesh","Bangladesh Environmental Lawyers Association (BELA)","House 15A (4th floor), Road No. 3, Dhanmondi R/A, 1205"," Dhaka","","1205","","","","/url?q=http://www.belabangla.org/&sa=U&ved=0ahUKEwja2IOensfqAhVOeX0KHUERDsEQ61gIOCgLMAE&usg=AOvVaw0tdUO8KoRmaSMaZ1M2GUug","",""
"ngo in bangladesh","Teach For Bangladesh","House#, 210/A-2 Bir Uttam Mir Shawkat Sarak, Dhaka 1208"," Dhaka","","1208","","","","/url?q=http://www.teachforbangladesh.org/&sa=U&ved=0ahUKEwja2IOensfqAhVOeX0KHUERDsEQ61gIYSgOMAI&usg=AOvVaw3yUACVDbAl7nxKPPVt-3Z8","",""
"ngo in bangladesh","OBAT Helpers Bangladesh","22, 1, 2 Tajmahal Rd, Dhaka 1207"," Dhaka","","1207","","","","/url?q=http://obathelpers.org/&sa=U&ved=0ahUKEwja2IOensfqAhVOeX0KHUERDsEQ61gIiwEoDTAD&usg=AOvVaw10YVaxOOhydjtqcdY5Ipks","",""
"ngo in bangladesh","Work for a Better Bangladesh Trust","14/3/A, 3rd Floor, Jafrabad, Rayer Bazar, Dhaka-1207, Hazi Abul Kasam Khan Road, Dhaka 1207"," Dhaka","","1207","","","","/url?q=http://wbbtrust.org/&sa=U&ved=0ahUKEwja2IOensfqAhVOeX0KHUERDsEQ61gIqgEoETAE&usg=AOvVaw0zXQtQO2nnTgeksh_7HVDR","",""
"ngo in bangladesh","ASA Branch Office, Shyamoli","Rd No. 5, Dhaka"," Dhaka","","","","","","/url?q=http://www.asa.org.bd/&sa=U&ved=0ahUKEwja2IOensfqAhVOeX0KHUERDsEQ61gI1wEoEDAF&usg=AOvVaw013yLynh9Qn8GhpMkcRq1J","",""
"ngo in bangladesh","Good Neighbors Bangladesh Ghatail CDP","Shaliyajani Bus Stop, Gopalpur Rd"," Deulabari","","","","","","/url?q=http://gnbangla.org/&sa=U&ved=0ahUKEwja2IOensfqAhVOeX0KHUERDsEQ61gIgQIoDTAG&usg=AOvVaw2sLlVrI4T4rLjAINxmIumU","",""
"ngo in bangladesh","Nagar Daridra Basteebashir Unnayan Sangstha (NDBUS)","Kalshi Rd, Dhaka 1216"," Dhaka","","1216","","","","/url?q=http://ndbus.blogspot.com/&sa=U&ved=0ahUKEwja2IOensfqAhVOeX0KHUERDsEQ61gIpgIoEDAH&usg=AOvVaw0-UlfgrsLIhpNNh_h08YBQ","",""
"ngo in bangladesh","Family Planning Association of Bangladesh","2 Naya Paltan, Dhaka 1000"," Dhaka","","1000","","","","/url?q=http://fpab.org.bd/&sa=U&ved=0ahUKEwja2IOensfqAhVOeX0KHUERDsEQ61gI1AIoEDAI&usg=AOvVaw1GLWSx4Fy7tPjPdEgq-O2n","",""
"ngo in bangladesh","Social Development Foundation (SDF)","22, 22 Khilji Rd, Dhaka 1207"," Dhaka","","1207","","","","/url?q=http://www.sdfbd.org/&sa=U&ved=0ahUKEwja2IOensfqAhVOeX0KHUERDsEQ61gIhAMoEjAJ&usg=AOvVaw3BRbugD6zvpxmmSeibfBWA","",""
"ngo in bangladesh","PRISM Bangladesh Foundation","FANN KASHANA, FLAT # #AB, HOUSE # 41, ROAD # ^, BLOCK # C, Dhaka 1213"," Dhaka","","1213","","","","/url?q=http://pbf.org.bd/&sa=U&ved=0ahUKEwja2IOensfqAhVOeX0KHUERDsEQ61gIsAMoDzAK&usg=AOvVaw0CwjD57pm1kVlTFU7ihu4b","",""
"ngo in bangladesh","New Nagar Multipurpose Co-operative Society Limited","Golambazar, Keranigonj, Dhaka 1310"," Keraniganj","","1310","","","","","",""
"ngo in bangladesh","Gazipur Unnayan Sangstha (GUS)","Z3024, Pirozali"," Pirozali","","","","","","","",""
"ngo in bangladesh","SCI Bangladesh","57/15, East Razabazar, Panthapath West Dhaka, 1215","","","1215","","","","/url?q=http://scibangladesh.org/&sa=U&ved=0ahUKEwja2IOensfqAhVOeX0KHUERDsEQ61gImAQoDDAN&usg=AOvVaw1jtLzujR_RG0VA8HEO1UWN","",""
"ngo in bangladesh","VSO Bangladesh","382 Rd No 28, Dhaka 1206"," Dhaka","","1206","","","","/url?q=https://www.vsointernational.org/fighting-poverty/where-we-fight-poverty/bangladesh&sa=U&ved=0ahUKEwja2IOensfqAhVOeX0KHUERDsEQ61gIsgQoDDAO&usg=AOvVaw3fp_M6T2yV3uNxzjY-kkoZ","",""
"ngo in bangladesh","BRAC Office","6/B/A, 2nd Colony, Mazar Road, Mirpur, Dhaka 1216"," Gabtoli","","1216","","","","/url?q=http://www.brac.net/&sa=U&ved=0ahUKEwja2IOensfqAhVOeX0KHUERDsEQ61gI4QQoETAP&usg=AOvVaw3MB8ycaitE4O0diupwbjtJ","",""
"ngo in bangladesh","Bangladesh Association of Community Education","Dhaka 1205"," Dhaka","","1205","","","","/url?q=http://www.bacebd.org/&sa=U&ved=0ahUKEwja2IOensfqAhVOeX0KHUERDsEQ61gI_QQoDjAQ&usg=AOvVaw1nehJU1LT7Qxk5STE5k-In","",""
"ngo in bangladesh","Japan-Bangladesh Human Rights","Dhaka 1230"," Dhaka","","1230","","","","/url?q=http://www.japanbhr.org/&sa=U&ved=0ahUKEwja2IOensfqAhVOeX0KHUERDsEQ61gIqQUoDjAR&usg=AOvVaw09VyY0kMvcrEu0TUSXHRxM","",""
"ngo in bangladesh","Ad-din Welfare Centre","Jashore"," Jashore","","","","","","/url?q=http://addinwc.org/&sa=U&ved=0ahUKEwja2IOensfqAhVOeX0KHUERDsEQ61gI1QUoDjAS&usg=AOvVaw0EXQCyiDT09fHpRglYsW9Y","",""
"ngo in bangladesh","Spreeha Bangladesh Foundation","House 52, 1 Rd No. 3A, Dhaka 1209"," Dhaka","","1209","","","","/url?q=https://spreehabd.org/&sa=U&ved=0ahUKEwja2IOensfqAhVOeX0KHUERDsEQ61gI_AUoEjAT&usg=AOvVaw28E-0CD1l-SWJZcR2onCE5","",""
"ngo in bangladesh","Shushilan","House-614, Road-12, Baitul Aman Housing Society, Dhaka 1207"," Dhaka","","1207","","","","/url?q=http://www.shushilan.org/&sa=U&ved=0ahUKEwjdv_yhnsfqAhUslEsFHQ2DDVMQ61gIEigLMAA&usg=AOvVaw1mn5O3foVrw7UkMVv6StzX","",""
"ngo in bangladesh","Centre for Development Innovation and Practices (CDIP)","Rd No. 13, H-17 Pisciculture Housing Society, ShekhertekDhaka"," Dhaka","","","","","","/url?q=http://www.cdipbd.org/&sa=U&ved=0ahUKEwjdv_yhnsfqAhUslEsFHQ2DDVMQ61gIQSgRMAE&usg=AOvVaw0TKxUnQxnDMY43BXQaYX6c","",""
"ngo in bangladesh","Nutrition International - Bangladesh","56 Rd 132, Dhaka 1212"," Dhaka","","1212","","","","/url?q=http://www.nutritionintl.org/&sa=U&ved=0ahUKEwjdv_yhnsfqAhUslEsFHQ2DDVMQ61gIbygQMAI&usg=AOvVaw0CUlTb0oGatD-tFClsPsXL","",""
"ngo in bangladesh","Kutupalong Refugee Camp","Cox's Bazar - Teknaf Hwy"," Palong Khali","","","","","","","",""
"ngo in bangladesh","United Development Initiatives for Programmed Actions","Plot No. 9 Road No. 1, Block-F Janata Co-operative Housing Society Ltd, Ring Rd, Dhaka 1207"," Dhaka","","1207","","","","/url?q=http://www.uddipan.org/&sa=U&ved=0ahUKEwjdv_yhnsfqAhUslEsFHQ2DDVMQ61gIyAEoETAE&usg=AOvVaw0KVSpviPgKefFKf3r4grBS","",""
"ngo in bangladesh","Relief International (Bangladesh)","House: 322 (1st Floor), Road: 05 (West, Dhaka 1206"," Dhaka","","1206","","","","","",""
"ngo in bangladesh","Asiatic Society of Bangladesh","Ramna, Dhaka 1000"," Dhaka","","1000","","","","/url?q=http://www.asiaticsociety.org.bd/&sa=U&ved=0ahUKEwjdv_yhnsfqAhUslEsFHQ2DDVMQ61gIjwIoEDAG&usg=AOvVaw1TvMZMQaqif4BV9l1CLei5","",""
"ngo in bangladesh","Village Education Resource Center","B-30, Anandapur, Savar Union"," Savar Union","","","","","","/url?q=http://www.vercbd.org/&sa=U&ved=0ahUKEwjdv_yhnsfqAhUslEsFHQ2DDVMQ61gIuQIoDDAH&usg=AOvVaw13thKg12uYiTEEEk43oDjZ","",""
"ngo in bangladesh","Good Neighbors Bangladesh, HO","Dhaka"," Dhaka","","","","","","/url?q=http://gnbangla.org/&sa=U&ved=0ahUKEwjdv_yhnsfqAhUslEsFHQ2DDVMQ61gI5QIoDjAI&usg=AOvVaw1B0yi48yNn7-Td6eqzJCEh","",""
"ngo in bangladesh","International Organization For Migration","House: 13/A Road No. 136, Dhaka 1212"," Dhaka","","1212","","","","/url?q=http://bangladesh.iom.int/&sa=U&ved=0ahUKEwjdv_yhnsfqAhUslEsFHQ2DDVMQ61gIiQMoDzAJ&usg=AOvVaw217PqZ6E4BOHQZGHYFlyh8","",""
"ngo in bangladesh","NGO Forum Faridpur Regional Training Center","Charkamlapur Primary School, Madhukhali"," Madhukhali","","","","","","/url?q=http://www.ngof.org/&sa=U&ved=0ahUKEwjdv_yhnsfqAhUslEsFHQ2DDVMQ61gIsgMoCzAK&usg=AOvVaw1rOfsWCAo4KLNu075yVGsT","",""
"ngo in bangladesh","WAVE Foundation","House # 3/11, Lalmatia Delight, Satmasjid Road, Dhaka 1207"," Dhaka","","1207","","","","/url?q=http://www.wavefoundationbd.org/&sa=U&ved=0ahUKEwjdv_yhnsfqAhUslEsFHQ2DDVMQ61gI2wMoFDAL&usg=AOvVaw2_PRaSGgCzRr55jn75vt3z","",""
"ngo in bangladesh","Bangladesh Environment and Development Society (BEDS)","House No. 6/3, Rd No 01, PRANTIKA R/A, Nirala-Bagmara Link Rd, Khulna 9100"," Khulna","","9100","","","","/url?q=http://www.bedsbd.org/&sa=U&ved=0ahUKEwjdv_yhnsfqAhUslEsFHQ2DDVMQ61gIhwQoETAM&usg=AOvVaw1MYLhddIcBSrXs8RqDjEdo","",""
"ngo in bangladesh","Bangladesh Freedom Foundation","RANGS Srabonti, Sir Sayed Rd, Dhaka 1207"," Dhaka","","1207","","","","/url?q=http://www.freedomfound.org/&sa=U&ved=0ahUKEwjdv_yhnsfqAhUslEsFHQ2DDVMQ61gItgQoETAN&usg=AOvVaw1kf8pkmYCF0-t0SYKfngZr","",""
"ngo in bangladesh","ANTAR Society for Development","Flat-E3(4th floor), House-27/A, Shangshad Avenue, Dhaka 1215"," Dhaka","","1215","","","","/url?q=http://www.antarsd.org/&sa=U&ved=0ahUKEwjdv_yhnsfqAhUslEsFHQ2DDVMQ61gI1gQoCzAO&usg=AOvVaw21i6JbO0I1kTA-NbeccJ1N","",""
"ngo in bangladesh","UCEP - Bangladesh","2 & 3, Mirpur Road, Dhaka 1207"," Dhaka","","1207","","","","/url?q=http://www.ucepbd.org/&sa=U&ved=0ahUKEwjdv_yhnsfqAhUslEsFHQ2DDVMQ61gIhAUoETAP&usg=AOvVaw3nXpfJoiOyP9R2ABBRzEdG","",""
"ngo in bangladesh","Branch 74, Sajida Foundation","Pagla Link Rd, Dhaka"," Fatullah","","","","","","/url?q=http://www.sajidafoundation.org/&sa=U&ved=0ahUKEwjdv_yhnsfqAhUslEsFHQ2DDVMQ61gIrgUoDDAQ&usg=AOvVaw07_8qibBOFKTX6ZAxte6Gl","",""
"ngo in bangladesh","Habitatbangladesh","# House # 12 (3rd Floor) 1212,, Rd 16/A, Dhaka 1212"," Dhaka","","1212","","","","/url?q=http://www.habitatbangladesh.org/&sa=U&ved=0ahUKEwjdv_yhnsfqAhUslEsFHQ2DDVMQ61gIxgUoDTAR&usg=AOvVaw2WlB1lwGlScMzzi_0G2v6A","",""
"ngo in bangladesh","Bangladesh Bondhu Foundation BONDHU","8/12 (First Floor), Block-B, Lalmatia, Mohammadpur, Dhaka 1207"," Dhaka","","1207","","","","/url?q=https://bondhufoundation.org/&sa=U&ved=0ahUKEwjdv_yhnsfqAhUslEsFHQ2DDVMQ61gI7AUoETAS&usg=AOvVaw3Mnu9ffIScqWkBv0Q9Fy86","",""
"ngo in bangladesh","BURO BANGLADESH, RAMPURA","Dhaka 1212"," Dhaka","","1212","","","","/url?q=http://www.burobd.org/&sa=U&ved=0ahUKEwjdv_yhnsfqAhUslEsFHQ2DDVMQ61gIjgYoDjAT&usg=AOvVaw0dujZ7BlUDrvh5xerQm_GI","",""
"ngo in bangladesh","BURO Bangladesh Rayer Bazar","8 Sher-E-Bangla Rd, Dhaka 1207"," Dhaka","","1207","","","","/url?q=https://www.burobd.org/&sa=U&ved=0ahUKEwisq4WnnsfqAhVDSX0KHUHUBRsQ61gIFygQMAA&usg=AOvVaw3vGvU5Ky0bP9cCDq1CLaYI","",""
"ngo in bangladesh","World Concern","12/8 Iqbal Rd, Dhaka 1207"," Dhaka","","1207","","","","","",""
"ngo in bangladesh","Brac Regional office","44, 1/A Pilkhana Rd, Dhaka 1205"," Dhaka","","1205","","","","","",""
"ngo in bangladesh","Community Development Society (CDS)","Shimulia 7420"," Shimulia","","7420","","","","/url?q=http://www.cdsbd.org/&sa=U&ved=0ahUKEwisq4WnnsfqAhVDSX0KHUHUBRsQ61gIgwEoDTAD&usg=AOvVaw1OY36PEScgZI0zEVxLTNuR","",""
"ngo in bangladesh","AGRICULTURAL ADVISORY SOCIETY (AAS)","Dhaka"," Dhaka","","","","","","/url?q=http://www.aas-bd.org/&sa=U&ved=0ahUKEwisq4WnnsfqAhVDSX0KHUHUBRsQ61gIrgEoDjAE&usg=AOvVaw0T4gJwAfSZpjMj97Dwcun5","",""
"ngo in bangladesh","Solidarities International Banani Branch","House #22B Road 7, Block F Rd No 7, Dhaka 1213"," Dhaka","","1213","","","","/url?q=https://www.solidarites.org/en/missions/bangladesh/&sa=U&ved=0ahUKEwisq4WnnsfqAhVDSX0KHUHUBRsQ61gI1wEoETAF&usg=AOvVaw3XjPuWd2QR7pBdrMDXGo1g","",""
"ngo in bangladesh","Brac","Brahmonkitta Bazar, Keraniganj, Dhaka 1310"," Keraniganj","","1310","","","","/url?q=http://www.brac.net/&sa=U&ved=0ahUKEwisq4WnnsfqAhVDSX0KHUHUBRsQ61gI-wEoDzAG&usg=AOvVaw2k2ZzKRZ06lYGwnyElb4_8","",""
"ngo in bangladesh","PIACT Bangladesh","Block-B, 49/1 Babar Rd, Dhaka 1207"," Dhaka","","1207","","","","/url?q=http://www.piactbangladesh.org/&sa=U&ved=0ahUKEwisq4WnnsfqAhVDSX0KHUHUBRsQ61gImgIoETAH&usg=AOvVaw1Bp3WzpnODnIjeZ4SQYUuR","",""
"ngo in bangladesh","People's Oriented Program Implementation (POPI)","Lalmatia, Block-E, 5/11-A, 1207"," Dhaka","","1207","","","","/url?q=http://www.popibd.org/&sa=U&ved=0ahUKEwisq4WnnsfqAhVDSX0KHUHUBRsQ61gIxwIoDzAI&usg=AOvVaw1McNxGfhmERorOvJksNwle","",""
"ngo in bangladesh","Obhoyaronno - Bangladesh Animal Welfare Foundation","Dhaka North City Corporation Market, Shaheed Tajuddin Ahmed Ave, Dhaka 1208"," Dhaka","","1208","","","","","",""
"ngo in bangladesh","Human Aid Bangladesh","Delware Apartment, 2/4 Mirpur Rd, Dhaka 1207"," Dhaka","","1207","","","","/url?q=http://www.humanaidbd.org/&sa=U&ved=0ahUKEwisq4WnnsfqAhVDSX0KHUHUBRsQ61gIpgMoEjAK&usg=AOvVaw2OpWy8CDWMJmr1MzfeqQla","",""
"ngo in bangladesh","ASA Branch Office, Washpur","Shaheed Buddhijibi Bridge"," Sakta","","","","","","","",""
"ngo in bangladesh","Kalai CDP, Good Neighbors Bangladesh",""," Zindarpur","","","","","","/url?q=http://gnbangla.org/&sa=U&ved=0ahUKEwisq4WnnsfqAhVDSX0KHUHUBRsQ61gI1wMoCDAM&usg=AOvVaw3FNoOJnKBHUxTwFaTS2pT1","",""
"ngo in bangladesh","Good Neighbors Bangladesh","রোদসী - Rodushi, 23°50'07. 90°27'31., 4 Lane 4, Dhaka 1362"," Dhaka","","1362","","","","/url?q=http://www.gnbangla.org/&sa=U&ved=0ahUKEwisq4WnnsfqAhVDSX0KHUHUBRsQ61gI-wMoDzAN&usg=AOvVaw3UJnFzaSLjy-2gIVICBZfT","",""
"ngo in bangladesh","Kamalapur AP - World Vision Bangladesh","Kamalapur Rd, Dhaka"," Dhaka","","","","","","/url?q=http://www.wvi.org/&sa=U&ved=0ahUKEwisq4WnnsfqAhVDSX0KHUHUBRsQ61gIpAQoCzAO&usg=AOvVaw3SfxKmpoAj7_4_itL2TB4t","",""
"ngo in bangladesh","IRD Bangladesh","House No 7, Road No. 23/A, Dhaka 1212"," Dhaka","","1212","","","","","",""
"ngo in bangladesh","Environment and Social Development Organization","8/1, Level, House #, # 4 Block #C, Dhaka 1207"," Dhaka","","1207","","","","/url?q=http://www.esdo.org/&sa=U&ved=0ahUKEwisq4WnnsfqAhVDSX0KHUHUBRsQ61gI7QQoFDAQ&usg=AOvVaw2RVypHE7CXsfZoXptHUgaz","",""
"ngo in bangladesh","Islamic Aid Bangladesh","Gulfesha Plaza, (12th Floor, 8 Shahid Sangbadik Selina Parvin Rd, Dhaka 1217"," Dhaka","","1217","","","","/url?q=http://islamicaidbd.org/&sa=U&ved=0ahUKEwisq4WnnsfqAhVDSX0KHUHUBRsQ61gInAUoETAR&usg=AOvVaw1xoG-_j8Wv2RHT540I6Uy9","",""
"ngo in bangladesh","Padakhep Manabik Unnayan Kendra","House# 548, Road# 10, Baitul Aman Housing Society, Dhaka 1207"," Dhaka","","1207","","","","/url?q=http://www.padakhep.org/&sa=U&ved=0ahUKEwisq4WnnsfqAhVDSX0KHUHUBRsQ61gIuQUoDzAS&usg=AOvVaw0sucH81S7udsc6t5XkCxEW","",""
"ngo in bangladesh","Bangladesh Disaster Preparedness Centre","House No 15/A (1st Floor), 08 Rd 08, Dhaka 1212"," Dhaka","","1212","","","","","",""
"ngo in bangladesh","The Glencoe Foundation, Dhaka, Bangladesh.","House: 114, Flat: 1B, Block: C, Road: 15, Banani, Dhaka, 1213"," Dhaka","","1213","","","","/url?q=http://glencoefoundation.org/&sa=U&ved=0ahUKEwiK1vCqnsfqAhUclEsFHdCCBT8Q61gIFigPMAA&usg=AOvVaw2Q8Pf_d-PDFoYAp1Bo9IHK","",""
"ngo in bangladesh","Radda MCH-FP Centre","Plot# 159/A, Block# A, Section# 12, Mirpur, Rd No 2/1, Dhaka 1216"," Dhaka","","1216","","","","/url?q=http://raddacentre.org/&sa=U&ved=0ahUKEwiK1vCqnsfqAhUclEsFHdCCBT8Q61gIRSgRMAE&usg=AOvVaw2m84Z3B4-nqGDO_fjeYPcr","",""
"ngo in bangladesh","JAAGO Foundation, Rayer Bazar School","86/1B Sadek Khan Rd, Dhaka 1207"," Dhaka","","1207","","","","/url?q=https://www.jaago.com.bd/&sa=U&ved=0ahUKEwiK1vCqnsfqAhUclEsFHdCCBT8Q61gIcygQMAI&usg=AOvVaw1uWOPjhcQkcVZMu-tbHEd7","",""
"ngo in bangladesh","Nijera Kori","7, 8 Block #C, Dhaka 1207"," Dhaka","","1207","","","","/url?q=http://nijerakori.org/&sa=U&ved=0ahUKEwiK1vCqnsfqAhUclEsFHdCCBT8Q61gIogEoEjAD&usg=AOvVaw02sU1XuQjB6vurNxqvMvYA","",""
"ngo in bangladesh","Shishu Polli Plus","Shishu Palli Rd, Sreepur"," Telihati","","","","","","/url?q=http://www.sreepurvillage.org/&sa=U&ved=0ahUKEwiK1vCqnsfqAhUclEsFHdCCBT8Q61gIzQEoDDAE&usg=AOvVaw1XE23hOu_EbcUVypcOCL9Q","",""
"ngo in bangladesh","Ideal Step for Sustainable Development.","165-166 Green Road, PARIL Green Apartment Flat # D-6, 6th Floor, Dhaka 1205","","","1205","","","","/url?q=http://issdforhumanrights.com/&sa=U&ved=0ahUKEwiK1vCqnsfqAhUclEsFHdCCBT8Q61gI9gEoDDAF&usg=AOvVaw1RKmZEReVena7bfcchgUrl","",""
"ngo in bangladesh","Pathway","House#01, Road#02, Block# B, Section#06, Mirpur, 1216"," Dhaka","","1216","","","","/url?q=https://www.pathwaybd.org/&sa=U&ved=0ahUKEwiK1vCqnsfqAhUclEsFHdCCBT8Q61gIkwIoDzAG&usg=AOvVaw0qXjU_wJs-cAhBPi1RS6dn","",""
"ngo in bangladesh","PRIP TRUST","House 67/B Indira Rd, Dhaka 1215"," Dhaka","","1215","","","","/url?q=http://priptrust.org/&sa=U&ved=0ahUKEwiK1vCqnsfqAhUclEsFHdCCBT8Q61gIuQIoDzAH&usg=AOvVaw1e0w1tN74DrpAQZ5MTBjte","",""
"ngo in bangladesh","Naripokkho (নারীপক্ষ)","House-75, Rangs Nilu Square, 5/A Satmasjid Road, Dhaka 1209"," Dhaka","","1209","","","","","",""
"ngo in bangladesh","Wildlife Conservation Society - Bangladesh Program (WCS-BD)","House No, 22 Rd No. 3, Dhaka 1205"," Dhaka","","1205","","","","/url?q=https://bangladesh.wcs.org/&sa=U&ved=0ahUKEwiK1vCqnsfqAhUclEsFHdCCBT8Q61gIhQMoEjAJ&usg=AOvVaw16VB-H1eCbd8s-Klw4h-8l","",""
"ngo in bangladesh","Manusher Jonno Foundation (MJF)","plot #3 & 4, hazi road , avenue #3, rupnagor housing estate, mirpir-2, Dhaka, 1216"," Dhaka","","1216","","","","/url?q=http://www.manusherjonno.org/&sa=U&ved=0ahUKEwiK1vCqnsfqAhUclEsFHdCCBT8Q61gIswMoDzAK&usg=AOvVaw3HbIN-AZbeAYHSxKbfx2la","",""
"ngo in bangladesh","AIESEC Bangladesh","Road No. 7A, Banani Block H House No. 56 Flat A5 Whisperwood Dhaka, 1213"," Dhaka","","1213","","","","/url?q=http://aiesec.org/&sa=U&ved=0ahUKEwiK1vCqnsfqAhUclEsFHdCCBT8Q61gI3gMoDjAL&usg=AOvVaw1WsZhMTsPgJUrXb9Lmze8S","",""
"ngo in bangladesh","SUSTAINABLE DEVELOPMENT FOR VULNERABLE PEAPOLES IN BANGLADESH","West Sarulia,Demra,Ranimahal Baravanga Sarak Dhaka, 1361","","","1361","","","","/url?q=http://sdvpbd.com/&sa=U&ved=0ahUKEwiK1vCqnsfqAhUclEsFHdCCBT8Q61gIhgQoDDAM&usg=AOvVaw2oLy3nP-PxD-zWdNvwMkZW","",""
"ngo in bangladesh","INCIDIN Bangladesh","8/19, Sir Sayed Rd, Dhaka 1207"," Dhaka","","1207","","","","","",""
"ngo in bangladesh","SDI","2, 4, 1207 Shahjahan Rd, Dhaka"," Dhaka","","1207","","","","","",""
"ngo in bangladesh","Padakhep Institute of Development & Management (PIDM)","House No: 679, Road No: 12, Baitul Aman Housing Society, Adabor, Mohammadpur, Dhaka 1207"," Dhaka","","1207","","","","/url?q=http://www.padakhep.org/&sa=U&ved=0ahUKEwiK1vCqnsfqAhUclEsFHdCCBT8Q61gI_AQoETAP&usg=AOvVaw1bar-tjgk9GaoDouwhvkFh","",""
"ngo in bangladesh","Brac NGO Faridpur","Faridpur"," Faridpur","","","","","","/url?q=http://www.brac.net/&sa=U&ved=0ahUKEwiK1vCqnsfqAhUclEsFHdCCBT8Q61gInwUoDjAQ&usg=AOvVaw2IrKqtQuycR4XOnKdvcRql","",""
"ngo in bangladesh","Animal Health Companies Association Of Bangladesh","Unit-12/E, 14/A, Center Point, Tejkunipara, Farmgate C/A, Tejgaon, Dhaka 1215"," Dhaka","","1215","","","","/url?q=http://www.ahcab.net/&sa=U&ved=0ahUKEwiK1vCqnsfqAhUclEsFHdCCBT8Q61gI0AUoEzAR&usg=AOvVaw0bFxvExrViDHnIxJWjyiOE","",""
"ngo in bangladesh","Engender Health","Dhaka 1205"," Dhaka","","1205","","","","/url?q=http://www.engenderhealth.org/&sa=U&ved=0ahUKEwiK1vCqnsfqAhUclEsFHdCCBT8Q61gI_AUoDjAS&usg=AOvVaw1-oZ9bRiT8LvqYIUMbSd21","",""
"ngo in bangladesh","Green Bangla Foundation","Society, House No: 617/A, Road No. 11, Baitul Aman Housing, Dhaka 1207"," Dhaka","","1207","","","","/url?q=http://www.greenbanglafoundation.org/&sa=U&ved=0ahUKEwiK1vCqnsfqAhUclEsFHdCCBT8Q61gIoQYoETAT&usg=AOvVaw0uvWzTbE7kFKGIjDvTpH7p","",""
"ngo in bangladesh","Bangladesh Red Crescent Society","684, 686 Bara Maghbazar, Dhaka 1217"," Dhaka","","1217","","","","/url?q=http://www.bdrcs.org/&sa=U&ved=0ahUKEwj-rP2tnsfqAhXbbn0KHSwXCWYQ61gIGCgRMAA&usg=AOvVaw3z9KAYfN750Ls6Je7rSZRk","",""
"ngo in bangladesh","BANGLADESH NETWORK FOR NCD CONTROL & PREVENTION","Plot-7/2, Dhaka 1216","","","1216","","","","/url?q=http://bnncp.org.bd/&sa=U&ved=0ahUKEwj-rP2tnsfqAhXbbn0KHSwXCWYQ61gIQigNMAE&usg=AOvVaw3hKAq7tsV1gBWhGRnB2pPQ","",""
"ngo in bangladesh","SAJIDA Foundation","OTOBI Center, 5th floor, plot 12,Block CWS(C), Gulshan South Avenue, Dhaka 1212"," Dhaka","","1212","","","","/url?q=http://www.sajidafoundation.org/&sa=U&ved=0ahUKEwj-rP2tnsfqAhXbbn0KHSwXCWYQ61gIXygPMAI&usg=AOvVaw0_rh9eExHw6kMF2M6o48XW","",""
"ngo in bangladesh","Swisscontact","House No, Diplomatic Enclave, 19 Rd No 11, Dhaka 1212"," Dhaka","","1212","","","","/url?q=http://www.swisscontact.org/en/home.html&sa=U&ved=0ahUKEwj-rP2tnsfqAhXbbn0KHSwXCWYQ61gIjwEoEzAD&usg=AOvVaw3D-Tj3P0Daliqg38jSC8Pg","",""
"ngo in bangladesh","Alor Pothey","Bir Uttam AK Khandakar Rd, Dhaka 1212"," Dhaka","","1212","","","","","",""
"ngo in bangladesh","Proshika","Proshika Bhaban I/1 -GA, Dhaka 1216"," Dhaka","","1216","","","","","",""
"ngo in bangladesh","Pally Bikash Kendra","27/C Asad Ave, Dhaka 1207"," Dhaka","","1207","","","","","",""
"ngo in bangladesh","Initiative for Right View","93 Nazirghat Main Rd, Khulna","","","","","","","/url?q=http://irv-bd.org/&sa=U&ved=0ahUKEwj-rP2tnsfqAhXbbn0KHSwXCWYQ61gIsgIoDDAH&usg=AOvVaw3gbu0kN6xrcJpM26LID65Y","",""
"ngo in bangladesh","Alokon","Muradpur , Jolil Building , Hathazari Road, Chattogram 4000"," Chattogram","","4000","","","","","",""
"ngo in bangladesh","World Food Programme","IDB Bhaban 14th, 16th and 17th Floor E, 8-A Rokeya Sharani, Dhaka 1207"," Dhaka","","1207","","","","/url?q=https://www.wfp.org/&sa=U&ved=0ahUKEwj-rP2tnsfqAhXbbn0KHSwXCWYQ61gI7AIoETAJ&usg=AOvVaw3FvuREdmj7xIHKeX3XUMeV","",""
"ngo in bangladesh","কোয়ালিশন ফর দ্যা আরবান পুওর (কাপ)","10-C/1 Block- F, Madrasha Road, Aziz Moholla, Dhaka 1207"," Dhaka","","1207","","","","/url?q=http://www.cupbd.org/&sa=U&ved=0ahUKEwj-rP2tnsfqAhXbbn0KHSwXCWYQ61gImQMoDzAK&usg=AOvVaw1gUPz0p-ohA-UXPBtMb5Uh","",""
"ngo in bangladesh","Syngenta Foundation (Dhaka Office)","8/11 Block #C, Dhaka 1207"," Dhaka","","1207","","","","/url?q=http://www.syngentafoundation.org/&sa=U&ved=0ahUKEwj-rP2tnsfqAhXbbn0KHSwXCWYQ61gIwAMoEDAL&usg=AOvVaw17l2w7w2ST0CuoTyiTy881","",""
"ngo in bangladesh","Bangladesh National Women Lawyers' Association (BNWLA)","48, Monico Mina Tower, West Agargaon, 3 Shahid Shahabuddin Shorok, Dhaka 1207"," Dhaka","","1207","","","","/url?q=http://www.bnwla-bd.org/&sa=U&ved=0ahUKEwj-rP2tnsfqAhXbbn0KHSwXCWYQ61gI6QMoEzAM&usg=AOvVaw2AcqX07ALgmeaM4_X5v_cE","",""
"ngo in bangladesh","Community Development Association (CDA)","Dinajpur"," Dinajpur","","","","","","","",""
"ngo in bangladesh","Heed Bangladesh","House No-239, 1st Floor, Road No-15, Nirala AA/A, 9100"," Khulna","","9100","","","","","",""
"ngo in bangladesh","Turning Point Foundation, Bangladesh","17/B sangsad avenue, tejgaon dhaka1215, Dhaka"," Dhaka","","","","","","/url?q=http://www.turningpointbd.org/&sa=U&ved=0ahUKEwj-rP2tnsfqAhXbbn0KHSwXCWYQ61gI5gQoDzAP&usg=AOvVaw2Ub91PyOgPYirRqFNeLtCs","",""
"ngo in bangladesh","UChicago Research Bangladesh","27 Rd No 2B, Dhaka 1230"," Dhaka","","1230","","","","/url?q=http://urb-bd.org/&sa=U&ved=0ahUKEwj-rP2tnsfqAhXbbn0KHSwXCWYQ61gIkQUoEDAQ&usg=AOvVaw381uv7fw0Tgh_BohYj46wf","",""
"ngo in bangladesh","Sightsavers Bangladesh","House 1/B, Rd No 8, Dhaka 1213"," Dhaka","","1213","","","","/url?q=http://www.sightsavers.org/&sa=U&ved=0ahUKEwj-rP2tnsfqAhXbbn0KHSwXCWYQ61gIwgUoEjAR&usg=AOvVaw2-ZsXkLuBQIs9dTOXCoQmL","",""
"ngo in bangladesh","Voluntary Association for Family Welfare and Social Development","196/1 Shantibagh, P.O, Dhaka 1217"," Dhaka","","1217","","","","/url?q=http://vafwsd.org/&sa=U&ved=0ahUKEwj-rP2tnsfqAhXbbn0KHSwXCWYQ61gI3gUoDjAS&usg=AOvVaw1EwaVhuwHMxg1oX78sDVHC","",""
"ngo in bangladesh","Brac Branch Office","44/A/1 Pilkhana Rd, Dhaka 1205"," Dhaka","","1205","","","","","",""
"ngo in bangladesh","Resource Integration Center (RIC)","Shonir Akhra Shakha, Jatrabari, Dhaka"," Dhaka","","","","","","","",""
"ngo in bangladesh","Payra Social Welfare","61, 4 Tejkunipara Rd, Dhaka 1205"," Dhaka","","1205","","","","/url?q=http://www.payra.org/&sa=U&ved=0ahUKEwjjtM-wnsfqAhUXVH0KHX3sBSYQ61gIMygRMAE&usg=AOvVaw2ILT6d92-XErazhvyRyJRS","",""
"ngo in bangladesh","Centre for Rehabilitation Education Earning Development","House No. 307/1 (5th Floor West, Rd 8/A, Dhaka 1209"," Dhaka","","1209","","","","","",""
"ngo in bangladesh","Eminence","3/6 Asad Ave, Dhaka 1207"," Dhaka","","1207","","","","/url?q=http://www.eminence-bd.org/&sa=U&ved=0ahUKEwjjtM-wnsfqAhUXVH0KHX3sBSYQ61gIfCgQMAM&usg=AOvVaw0Ax8t-33OzLoLlgx_uDR7S","",""
"ngo in bangladesh","faith Bangladesh","1, 15A Iqbal Road, Dhaka 1207"," Dhaka","","1207","","","","/url?q=http://www.faithbangladesh.org/&sa=U&ved=0ahUKEwjjtM-wnsfqAhUXVH0KHX3sBSYQ61gIqwEoEjAE&usg=AOvVaw2cylYavuKUR-Cd5vAkPz-D","",""
"ngo in bangladesh","Bangladesh Centre for Advanced Studies","Rd 16/A, Dhaka 1212"," Dhaka","","1212","","","","/url?q=http://www.bcas.net/&sa=U&ved=0ahUKEwjjtM-wnsfqAhUXVH0KHX3sBSYQ61gI2wEoEDAF&usg=AOvVaw09hC3aj7uPNui6RVvN55t5","",""
"ngo in bangladesh","OBAT Helpers Site Office, Dhaka","Tajmahal Rd, Dhaka"," Dhaka","","","","","","/url?q=http://www.obathelpers.org/&sa=U&ved=0ahUKEwjjtM-wnsfqAhUXVH0KHX3sBSYQ61gIiQIoEDAG&usg=AOvVaw0-weZ0X25Olfh-p1-awX5_","",""
"ngo in bangladesh","HOPE Worldwide","Dhaka 1205"," Dhaka","","1205","","","","/url?q=http://www.hopeww.org.bd/&sa=U&ved=0ahUKEwjjtM-wnsfqAhUXVH0KHX3sBSYQ61gIrwIoDjAH&usg=AOvVaw01EUHaMGA6wZTYLltdzue6","",""
"ngo in bangladesh","Practical Action","House no: 88, 28/A Rd No. 5, Dhaka 1205"," Dhaka","","1205","","","","/url?q=http://practicalaction.org/bangladesh&sa=U&ved=0ahUKEwjjtM-wnsfqAhUXVH0KHX3sBSYQ61gI2QIoEjAI&usg=AOvVaw0leRRy19Cp_wTEsitMkYJN","",""
"ngo in bangladesh","Bangladesh Poribesh Andolon","9, 12 Block#D, Dhaka 1205"," Dhaka","","1205","","","","/url?q=http://www.bapa.org/&sa=U&ved=0ahUKEwjjtM-wnsfqAhUXVH0KHX3sBSYQ61gIiQMoEjAJ&usg=AOvVaw1H948ZRxlX7LYDf_HoI_2O","",""
"ngo in bangladesh","Campaign for Popular Education (CAMPE)","5/14 Humayun Rd, Dhaka 1207"," Dhaka","","1207","","","","/url?q=http://www.campebd.org/&sa=U&ved=0ahUKEwjjtM-wnsfqAhUXVH0KHX3sBSYQ61gItwMoEDAK&usg=AOvVaw3ZTZndKYIEDEhculzI-v0g","",""
"ngo in bangladesh","United Nations Offices","IDB Bhaban, 7th – 8th, 12th, 14th - 19th Floor, E/8-A, Begum Rokeya Sarani, Dhaka 1207"," Dhaka","","1207","","","","/url?q=http://www.un-bd.org/&sa=U&ved=0ahUKEwjjtM-wnsfqAhUXVH0KHX3sBSYQ61gI5gMoETAL&usg=AOvVaw1w7MmAvDNwbS35J_2aeiQd","",""
"ngo in bangladesh","Asar Alo(ASD)","97/2,Sankor, Dhaka 1209"," Dhaka","","1209","","","","","",""
"ngo in bangladesh","Uddipan NGO","madhaiya, Chandina"," Mahichal","","","","","","/url?q=http://www.uddipan.org/&sa=U&ved=0ahUKEwjjtM-wnsfqAhUXVH0KHX3sBSYQ61gIugQoEDAN&usg=AOvVaw03MhkpHfwWPUYRrSVSyMcb","",""
"ngo in bangladesh","Institute for Inclusive Finance and Development (InM)","30 Road No. 3, Block C, Monsurabad Housing, Adabar, Dhaka 1207"," Dhaka","","1207","","","","/url?q=http://www.inm.org.bd/&sa=U&ved=0ahUKEwjjtM-wnsfqAhUXVH0KHX3sBSYQ61gI4gQoEzAO&usg=AOvVaw3RS7TH11kgOp_jLTE1Xhcs","",""
"ngo in bangladesh","Ovibashi Karmi Unnayan Program (OKUP)","466, Sawdagar Garden, 4th Floor, Nayapara, Dania Post Office Rd, Dhaka 1236"," Dhaka","","1236","","","","/url?q=http://www.okup.org.bd/&sa=U&ved=0ahUKEwjjtM-wnsfqAhUXVH0KHX3sBSYQ61gIkQUoETAP&usg=AOvVaw0qHEAincqD7M3Fy1B4MxV_","",""
"ngo in bangladesh","Transparency International Bangladesh (TIB)","Midas Centre ((4th & 5th Floor)), House # 05 Rd No. 27, Dhaka 1209"," Dhaka","","1209","","","","/url?q=https://www.ti-bangladesh.org/&sa=U&ved=0ahUKEwjjtM-wnsfqAhUXVH0KHX3sBSYQ61gIvwUoETAQ&usg=AOvVaw0x2J7M1iAqP4XDBcYCBbVJ","",""
"ngo in bangladesh","Brunch","Dilu Road Post Office Goli, Dhaka"," Dhaka","","","","","","/url?q=http://www.burobd.org/&sa=U&ved=0ahUKEwjjtM-wnsfqAhUXVH0KHX3sBSYQ61gI6gUoDjAR&usg=AOvVaw2DIlWw7C05EKGcR8MP12PZ","",""
"ngo in bangladesh","Manabik Shahajya Sangstha (MSS)","SEL Center, 3rd Floor, 29, West Panthapath, Dhaka-1205, 29 Bir Uttam Kazi Nuruzzaman Rd, Dhaka 1205"," Dhaka","","1205","","","","/url?q=http://www.mssbd.org/&sa=U&ved=0ahUKEwjjtM-wnsfqAhUXVH0KHX3sBSYQ61gIiQYoETAS&usg=AOvVaw0XcXCplos7T7x1XEkroIBW","",""
"ngo in bangladesh","Unnayan Shahojogy Team (UST)","Rd no. 16, House no. 992,, Baitul Aman Housing Society, Adabor, Dhaka 1207"," Dhaka","","1207","","","","/url?q=http://www.ustbd.org/&sa=U&ved=0ahUKEwjjtM-wnsfqAhUXVH0KHX3sBSYQ61gIuQYoETAT&usg=AOvVaw3gZGqzqnL0mW91dbAtBUU-","",""
"ngo in bangladesh","Dushtha Shasthya Kendra (DSK) Head Office Building 1","House No. 741 Road No. 9 BAHS Dhaka Dhaka, 1207"," Dhaka","","1207","","","","/url?q=http://www.dskbangladesh.org/&sa=U&ved=0ahUKEwiFrqWznsfqAhXbeisKHULlADcQ61gIFigPMAA&usg=AOvVaw3VLnUOuCOUDhJKm0gEc2LC","",""
"ngo in bangladesh","Unnayan Shahojogy Team (UST)","Rd no. 16, House no. 992,, Baitul Aman Housing Society, Adabor, Dhaka 1207"," Dhaka","","1207","","","","/url?q=http://www.ustbd.org/&sa=U&ved=0ahUKEwiFrqWznsfqAhXbeisKHULlADcQ61gIRCgRMAE&usg=AOvVaw3fzG0fRZGmrvVLrhh2JEk7","",""
"ngo in bangladesh","United Nations High Commissioner for Refugees","Dhaka 1212"," Dhaka","","1212","","","","/url?q=http://www.unhcr.org/bangladesh&sa=U&ved=0ahUKEwiFrqWznsfqAhXbeisKHULlADcQ61gIbygOMAI&usg=AOvVaw3nyBCWTEurgVbuCcWZrvJw","",""
"ngo in bangladesh","NGO Forum Guest House","Muslim Para Rd, Tangail"," Tangail","","","","","","/url?q=http://www.ngof.org/&sa=U&ved=0ahUKEwiFrqWznsfqAhXbeisKHULlADcQ61gInQEoEDAD&usg=AOvVaw0Jc1DlBtVHpEBXgwDQqaaT","",""
"ngo in bangladesh","MAF Bangladesh","299 Lane - 4, Dhaka 1206"," Dhaka","","1206","","","","/url?q=http://www.maf-bangladesh.org/&sa=U&ved=0ahUKEwiFrqWznsfqAhXbeisKHULlADcQ61gIwQEoEDAE&usg=AOvVaw1eolF1ydGorZuXup-n60YS","",""
"ngo in bangladesh","Brac Office","Kazi Bari Lane, Khalifaghat, Kamrangirchor, Dhaka 1211"," Dhaka","","1211","","","","/url?q=http://www.brac.net/&sa=U&ved=0ahUKEwiFrqWznsfqAhXbeisKHULlADcQ61gI5AEoDzAF&usg=AOvVaw1JyUOvAxmBinqnJZSyBbJI","",""
"ngo in bangladesh","Save The Children",""," Paurashava","","","","","","/url?q=http://www.savethechildren.org/&sa=U&ved=0ahUKEwiFrqWznsfqAhXbeisKHULlADcQ61gI9wEoBTAG&usg=AOvVaw2BaUw7tVjJGBhdE13uKVLC","",""
"ngo in bangladesh","Palli Mongal Karmosuchi (PMK)","Suite No: 1 & 2 (North Side), 5th Floor, Concord Arcadia Shopping Mall, Road No: 4, Block- J, Dhanmondi, Dhaka 1205"," Dhaka","","1205","","","","","",""
"ngo in bangladesh","Baitush Sharaf Masjid","Cox's Bazar 4700"," Cox's Bazar","","4700","","","","/url?q=http://qawmimadrasa.com/&sa=U&ved=0ahUKEwiFrqWznsfqAhXbeisKHULlADcQ61gItgIoCjAI&usg=AOvVaw15BG2cHD8cOlIJApNXuKTU","",""
"ngo in bangladesh","BACE","5th, 50 Purana Paltan, Dhaka 1000"," Dhaka","","1000","","","","/url?q=http://bacebd.org/&sa=U&ved=0ahUKEwiFrqWznsfqAhXbeisKHULlADcQ61gI2wIoETAJ&usg=AOvVaw1GB-e8fKYiosHiBppCpDJO","",""
"ngo in bangladesh","WorldFish Bangladesh","House no: 88, 2B Rd No. 4, Dhaka 1213"," Dhaka","","1213","","","","/url?q=http://www.worldfishcenter.org/&sa=U&ved=0ahUKEwiFrqWznsfqAhXbeisKHULlADcQ61gIhAMoETAK&usg=AOvVaw1gqkx6VFPN9MtNzJbY2eS4","",""
"ngo in bangladesh","Sisimpur","Police Plaza Concord, Dhaka 1212"," Dhaka","","1212","","","","/url?q=http://sisimpur.com.bd/&sa=U&ved=0ahUKEwiFrqWznsfqAhXbeisKHULlADcQ61gIsAMoDzAL&usg=AOvVaw1mQJXkBaGMU7KZpwnV1VkR","",""
"ngo in bangladesh","ChangeMaker - Society for Social and Economic Development","13, Dhaka 1209"," Dhaka","","1209","","","","/url?q=http://www.changemaker-bd.org/&sa=U&ved=0ahUKEwiFrqWznsfqAhXbeisKHULlADcQ61gI3QMoEDAM&usg=AOvVaw2RqNqjqhh0I3KQIjWtxzDB","",""
"ngo in bangladesh","Marie Stopes Bangladesh","House No # 6, 2 Kazi Nazrul Islam Rd, Dhaka 1207"," Dhaka","","1207","","","","/url?q=https://mariestopes.org.bd/&sa=U&ved=0ahUKEwiFrqWznsfqAhXbeisKHULlADcQ61gIhAQoEjAN&usg=AOvVaw095ZnnQ9iEnwkmBguigTLP","",""
"ngo in bangladesh","রুম টু রিড বাংলাদেশ","House 31 (3rd, 4th & 5th floors, Rd No. 4, Dhaka 1213"," Dhaka","","1213","","","","/url?q=http://roomtoread.org/countries/bangladesh&sa=U&ved=0ahUKEwiFrqWznsfqAhXbeisKHULlADcQ61gIsgQoETAO&usg=AOvVaw3pttM3qo0bDSqTMNScLEbj","",""
"ngo in bangladesh","Bangladesh Biology Olympiad","152/1, Green Road, Panthapath Traffic Signal, Adjacent to Health and Hope Hospital, Dhaka 1205"," Dhaka","","1205","","","","/url?q=http://bdbo.org/&sa=U&ved=0ahUKEwiFrqWznsfqAhXbeisKHULlADcQ61gI4QQoETAP&usg=AOvVaw1-a0wy4kdFgZBhOnT4HFvw","",""
"ngo in bangladesh","Nari Maitree (নারী মৈত্রী)","Dhaka"," Dhaka","","","","","","/url?q=http://narimaitree.com/&sa=U&ved=0ahUKEwiFrqWznsfqAhXbeisKHULlADcQ61gIhgUoDjAQ&usg=AOvVaw3v58jFSQqdUo0q_VeMOjyX","",""
"ngo in bangladesh","Nalitabari ADP","Nalitabari to Kakorkandi Bazar Rd, Nalitabari"," Nalitabari","","","","","","/url?q=http://www.wvi.org/&sa=U&ved=0ahUKEwiFrqWznsfqAhXbeisKHULlADcQ61gIswUoDzAR&usg=AOvVaw11DEbcmzOe2R1gs3cYsY5s","",""
"ngo in bangladesh","United Purpose","Plot # 24 Rd No.28, Dhaka 1212"," Dhaka","","1212","","","","/url?q=https://united-purpose.org/&sa=U&ved=0ahUKEwiFrqWznsfqAhXbeisKHULlADcQ61gIzgUoEDAS&usg=AOvVaw1uaG7xv99oXkgCxR05LpCp","",""
"ngo in bangladesh","Safety And Rights Society","RANGS Srabonti, 6/5A Sir Sayed Rd, Dhaka 1207"," Dhaka","","1207","","","","/url?q=https://safetyandrights.org/&sa=U&ved=0ahUKEwiFrqWznsfqAhXbeisKHULlADcQ61gI-wUoEDAT&usg=AOvVaw0aHFUQrtKBgSQ2Wlb3BnpI","",""
"ngo in bangladesh","MCC","4/10 Iqbal Road, Dhaka 1207"," Dhaka","","1207","","","","/url?q=https://mccbangladesh.wordpress.com/&sa=U&ved=0ahUKEwiO7_20nsfqAhWZWX0KHb4iBOgQ61gIFygQMAA&usg=AOvVaw1icglFicnKRclshK6_2JaF","",""
"ngo in bangladesh","The Christian Co-Operative Credit Union Limited, Dhaka","173/1/A Farmgate - Tejturi Bazar Rd, Dhaka 1215"," Dhaka","","1215","","","","/url?q=http://www.cccul.com/&sa=U&ved=0ahUKEwiO7_20nsfqAhWZWX0KHb4iBOgQ61gIRCgPMAE&usg=AOvVaw1PAbseAfIU5-gptaP1Riuy","",""
"ngo in bangladesh","Bangladesh Central Education & Health Foundation","45 W Agargaon, Dhaka"," Dhaka","","","","","","/url?q=http://www.bchr.org/&sa=U&ved=0ahUKEwiO7_20nsfqAhWZWX0KHb4iBOgQ61gIcSgPMAI&usg=AOvVaw3zOc0E7fjjWHXCLNLMjjUQ","",""
"ngo in bangladesh","Faith and Hope Welfare Association","Dhaka"," Dhaka","","","","","","","",""
"ngo in bangladesh","CARE Bangladesh (Sirajganj Office)","K M Road, Sirajganj 6700"," Sirajganj","","6700","","","","/url?q=http://www.carebangladesh.org/&sa=U&ved=0ahUKEwiO7_20nsfqAhWZWX0KHb4iBOgQ61gIuwEoCzAE&usg=AOvVaw2r2JgrRtoicYp-PlkIbinO","",""
"ngo in bangladesh","Kamolapur Jame Mosque","Rajdia - Nimtola Road"," Latabdi","","","","","","/url?q=http://www.bdnews24.com/&sa=U&ved=0ahUKEwiO7_20nsfqAhWZWX0KHb4iBOgQ61gI0wEoDTAF&usg=AOvVaw2e7OQH9CW-KHrwpaTu3D4w","",""
"ngo in bangladesh","IOM","Cox's Bazar - Teknaf Hwy, Teknaf"," Teknaf","","","","","","","",""
"ngo in bangladesh","Kadomtoli Jame Masjid","507 No Halka, Keraniganj"," Keraniganj","","","","","","/url?q=http://k-banglawali-m.blogspot.com/p/blog-page_95.html&sa=U&ved=0ahUKEwiO7_20nsfqAhWZWX0KHb4iBOgQ61gIiQIoDDAH&usg=AOvVaw1duC7roDOqMJARLmEKcy84","",""
"ngo in bangladesh","Ramakrishna Math & Ramakrishna Mission","27 Ram Krishna Mission Rd, Dhaka 1203"," Dhaka","","1203","","","","/url?q=https://dhakarkmm.org/&sa=U&ved=0ahUKEwiO7_20nsfqAhWZWX0KHb4iBOgQ61gItwIoEDAI&usg=AOvVaw0F-pl4QM5ViDgKdbSp7AXi","",""
"ngo in bangladesh","ADB","Syed Mahbub, Sayed Mahbub Morshed Rd, Dhaka"," Dhaka","","","","","","/url?q=http://www.adb.org/countries/bangladesh/main&sa=U&ved=0ahUKEwiO7_20nsfqAhWZWX0KHb4iBOgQ61gI5gIoETAJ&usg=AOvVaw1YqjYEp1b9iGRx4RtsBd5l","",""
"ngo in bangladesh","ASA","23/3, ANM Nuruzzaman Road, 1207"," Dhaka","","1207","","","","/url?q=http://www.asa.org.bd/&sa=U&ved=0ahUKEwiO7_20nsfqAhWZWX0KHb4iBOgQ61gIkwMoDzAK&usg=AOvVaw0F_e_2prGAaTP0E5bIoUOw","",""
"ngo in bangladesh","Mamata","House NO-13, Lane-1 Road-1, Block-L halishohor Housing Estate, Chattogram 4224"," Chattogram","","4224","","","","/url?q=http://www.mamatabd.org/&sa=U&ved=0ahUKEwiO7_20nsfqAhWZWX0KHb4iBOgQ61gIwAMoDzAL&usg=AOvVaw3SGlxk1cTtp1MyGmk5ddGN","",""
"ngo in bangladesh","Board of Intermediate & Secondary Education Rajshahi","Greater Rd, Rajshahi 6000"," Rajshahi","","6000","","","","/url?q=http://www.rajshahieducationboard.gov.bd/&sa=U&ved=0ahUKEwiO7_20nsfqAhWZWX0KHb4iBOgQ61gI7gMoEDAM&usg=AOvVaw08ZBiQAeb4vnAILrSjG4S7","",""
"ngo in bangladesh","JAAGO Foundation, Habiganj School","Surma Tea Factory, Hobigonj"," Surma Bagan","","","","","","/url?q=http://www.jaago.com.bd/&sa=U&ved=0ahUKEwiO7_20nsfqAhWZWX0KHb4iBOgQ61gImwQoDzAN&usg=AOvVaw3rRU4tvHbTA6uh62kHgRmB","",""
"ngo in bangladesh","RDRS Bangladesh, Panchagrah Unit Office","Panchagarh - Atwari Rd"," Paurashava","","","","","","","",""
"ngo in bangladesh","Caritas Rajshahi Regional Office","P.O. Box. 19, Mohishbathan, Zaidur Rahman Ave, Rajshahi 6201"," Rajshahi","","6201","","","","/url?q=http://www.caritasbd.org/&sa=U&ved=0ahUKEwiO7_20nsfqAhWZWX0KHb4iBOgQ61gI8wQoEjAP&usg=AOvVaw2sabrWaFIvaskZAfgCc3ld","",""
"ngo in bangladesh","Holy Family Medical College Jame Mosque","1 no Eskatan Garden Rd, Dhaka 1000"," Dhaka","","1000","","","","/url?q=http://www.hfrcmc.edu.bd/&sa=U&ved=0ahUKEwiO7_20nsfqAhWZWX0KHb4iBOgQ61gInQUoDDAQ&usg=AOvVaw3j1IMDuK-dApVEDIBb1Niz","",""
"ngo in bangladesh","BRAC Office","Kalagachhi"," Mauli","","","","","","","",""
"ngo in bangladesh","IMPACT Foundation Bangladesh","Cosmopolitan Homes, 3rd Floor; 22/2, Babor Road, Block B, Mohammadpur, Dhaka 1207"," Dhaka","","1207","","","","/url?q=http://www.impactfoundationbd.org/&sa=U&ved=0ahUKEwiO7_20nsfqAhWZWX0KHb4iBOgQ61gI3gUoDzAS&usg=AOvVaw0bRzeAxMoRFW3racGV1q-2","",""
"ngo in bangladesh","Friendship Center","25.322215, 89.591024"," Kanchi Para","","","","","","/url?q=http://www.friendship.ngo/&sa=U&ved=0ahUKEwiO7_20nsfqAhWZWX0KHb4iBOgQ61gI_wUoDDAT&usg=AOvVaw2VUkr0s41Ep4kPx2Mb86hr","",""
"ngo in bangladesh","Bangladesh Legal Aid And Services Trust (Blast)","1 Pioneer Rd, Dhaka 1000"," Dhaka","","1000","","","","/url?q=http://www.blast.org.bd/&sa=U&ved=0ahUKEwi42PG3nsfqAhXCV30KHT96A-cQ61gIEygMMAA&usg=AOvVaw33PFbstSSdgZ2nnxW3uTCg","",""
"ngo in bangladesh","Poriprekkhit","Rd No. 27, Dhaka 1209"," Dhaka","","1209","","","","/url?q=http://www.poriprekkhit.com/&sa=U&ved=0ahUKEwi42PG3nsfqAhXCV30KHT96A-cQ61gIQSgQMAE&usg=AOvVaw3XDXtFCpYejCTxHt3VegzS","",""
"ngo in bangladesh","BRAC Centre","H.No, 75 গুলশান বাড্ডা সংযোগ সড়ক, Dhaka 1212"," Dhaka","","1212","","","","/url?q=http://www.brac.net/&sa=U&ved=0ahUKEwi42PG3nsfqAhXCV30KHT96A-cQ61gIaSgRMAI&usg=AOvVaw3r4L6aT-r5RXfPhsOV7LXN","",""
"ngo in bangladesh","Caritas Cox's Bazar Office","Cox's Bazar"," Cox's Bazar","","","","","","/url?q=https://caritasbd.org/&sa=U&ved=0ahUKEwi42PG3nsfqAhXCV30KHT96A-cQ61gIkQEoCjAD&usg=AOvVaw0v1JvqtaoGgBhp2SULhTGn","",""
"ngo in bangladesh","ARK Foundation","Dhaka 1212"," Dhaka","","1212","","","","","",""
"ngo in bangladesh","Aparajeyo Bangladesh MEC","Dhaka"," Dhaka","","","","","","/url?q=http://www.aparajeyo.org/&sa=U&ved=0ahUKEwi42PG3nsfqAhXCV30KHT96A-cQ61gI5gEoDTAF&usg=AOvVaw0rxHdEKX8-unCmEgYRgEjW","",""
"ngo in bangladesh","Heed Bangladesh Resorts","Paschim Bhanugach Hills, R"," Kamalganj","","","","","","/url?q=https://heed-bangladesh.com/&sa=U&ved=0ahUKEwi42PG3nsfqAhXCV30KHT96A-cQ61gIlAIoDzAG&usg=AOvVaw2-WDhIOD6ZPGanclVlt-CV","",""
"ngo in bangladesh","Institute for Development Research and Training (IDRT) Uttaran","Tala - Paikgachha Rd"," Tala","","","","","","/url?q=http://uttaran.net/&sa=U&ved=0ahUKEwi42PG3nsfqAhXCV30KHT96A-cQ61gItAIoDDAH&usg=AOvVaw3fzn0Woi7EjTNrDLX9c74m","",""
"ngo in bangladesh","Friendship Health Camp 5","Balukhali Bazar"," Balukhali Bazar","","","","","","/url?q=http://friendship.ngo/&sa=U&ved=0ahUKEwi42PG3nsfqAhXCV30KHT96A-cQ61gI2gIoCTAI&usg=AOvVaw1mKjmmVVYYPZxcetwTOm5b","",""
"ngo in bangladesh","UTTARAN","Dhaka 1205"," Dhaka","","1205","","","","/url?q=http://www.uttaran.net/&sa=U&ved=0ahUKEwi42PG3nsfqAhXCV30KHT96A-cQ61gI-gIoDTAJ&usg=AOvVaw1G7fv-VdH6bLxps5nhJ2Ff","",""
"ngo in bangladesh","Ashar Alo Society","Dhaka"," Dhaka","","","","","","","",""
"ngo in bangladesh","Agrani Mohila Unnayan Sangstha..","nillgong, Tatipara Rd, Jashore"," Jashore","","","","","","","",""
"ngo in bangladesh","HOPE Foundation For Women & Children Of Bangladesh","Cox's Bazar - Teknaf Hwy, Cox's Bazar 4700"," Cox's Bazar","","4700","","","","/url?q=http://www.hopeforbangladesh.org/&sa=U&ved=0ahUKEwi42PG3nsfqAhXCV30KHT96A-cQ61gI7gMoEDAM&usg=AOvVaw1Tmf4G84dW1kHsmvcguWim","",""
"ngo in bangladesh","ASA University Bangladesh","23/3, Bir Uttam A.N.M Nuruzzaman Sarak, Dhaka 1207"," Dhaka","","1207","","","","/url?q=http://www.asaub.edu.bd/&sa=U&ved=0ahUKEwi42PG3nsfqAhXCV30KHT96A-cQ61gIlwQoDzAN&usg=AOvVaw1I9WhtzGcOcLksX6p1hK1a","",""
"ngo in bangladesh","Dhaka","","","","","","","","","",""
"ngo in bangladesh","Jatiyo Mohila Sangstha, Ministry of Women and Children Affairs","145, New Baily Rd, Dhaka 1000"," Dhaka","","1000","","","","","",""
"ngo in bangladesh","ACDI/VOCA (RDC)","Ventura Iconia (4th & 5th floor), House 37, Road: 11, Ward: 19, Block: H, Dhaka, 1212"," Dhaka","","1212","","","","/url?q=http://www.acdivoca.org/projects/bangladesh-rice-and-diversified-crops-activity/&sa=U&ved=0ahUKEwi42PG3nsfqAhXCV30KHT96A-cQ61gIhgUoDzAQ&usg=AOvVaw1QFZUE8b-bTManlrpVcmW6","",""
"ngo in bangladesh","VERC-Madhabpur Branch","Madhabpur"," Madhabpur","","","","","","/url?q=http://www.vercbd.org/&sa=U&ved=0ahUKEwi42PG3nsfqAhXCV30KHT96A-cQ61gIsgUoDjAR&usg=AOvVaw13oDdy7vghg7bQUs2OW3oe","",""
"ngo in bangladesh","CTB,HEED Bangladesh","Sreemangal - Bhanugach Rd, Kamalganj"," Kamalganj","","","","","","/url?q=http://www.heed-bangladesh.com/&sa=U&ved=0ahUKEwi42PG3nsfqAhXCV30KHT96A-cQ61gIzAUoDzAS&usg=AOvVaw1HnAD1hMOqFFj_k0AG-iMo","",""
"ngo in bangladesh","COAST TRUST HNILA OFFICE","Dakshin Nhila"," Dakshin Nhila","","","","","","/url?q=http://coastbd.net/&sa=U&ved=0ahUKEwi42PG3nsfqAhXCV30KHT96A-cQ61gI9QUoDDAT&usg=AOvVaw2BGMi-oUerx1KNmgzAgQiL","",""
"ngo in bangladesh","Bdjobs.com Ltd.","8th Floor - West BDBL Building (Old BSRS 12, C/A, Dhaka 1215"," Dhaka","","1215","","","","/url?q=http://www.bdjobs.com/&sa=U&ved=0ahUKEwie74m6nsfqAhVTfH0KHT1CBewQ61gIGCgRMAA&usg=AOvVaw2OaondWwXq2Ad9T5gA9yC-","",""
"ngo in bangladesh","Article 19","302, Dhaka"," Dhaka","","","","","","/url?q=http://www.article19.org/&sa=U&ved=0ahUKEwie74m6nsfqAhVTfH0KHT1CBewQ61gIRSgQMAE&usg=AOvVaw2q3f8Rd8xWOh2spbiPC5uT","",""
"ngo in bangladesh","Lions Agragati Shiksha Niketon","Taltola Govt. Colony Rd, Dhaka"," Dhaka","","","","","","","",""
"ngo in bangladesh","Center For Rural Service Society (CRSS)","Barishal"," Barishal","","","","","","","",""
"ngo in bangladesh","jagojobs.com","Azhar Comfort Complex (Level-4) Ga-130/A, Pragati Sarani, Dhaka 1212"," Dhaka","","1212","","","","/url?q=https://www.jagojobs.com/&sa=U&ved=0ahUKEwie74m6nsfqAhVTfH0KHT1CBewQ61gIvgEoDzAE&usg=AOvVaw1dEhYBty2m7y-81LBpa8sD","",""
"ngo in bangladesh","Caritas Bangladesh Library","Outer circular road Outer Circular Rd, Dhaka 1217"," Dhaka","","1217","","","","/url?q=http://www.caritasbd.org/&sa=U&ved=0ahUKEwie74m6nsfqAhVTfH0KHT1CBewQ61gI5gEoCzAF&usg=AOvVaw015a41qOPYPsPO_YvqMeKt","",""
"ngo in bangladesh","Bd-career.org","home#1984,vill#lawghata,,, P/O#Charkirti,P/S#Shibganj U.P.O,, Chapainawabganj 6341"," Dhainagar","","6341","","","","/url?q=http://bd-career.org/&sa=U&ved=0ahUKEwie74m6nsfqAhVTfH0KHT1CBewQ61gIlgIoETAG&usg=AOvVaw25JwOm5VZdaN8iD6308Z9S","",""
"ngo in bangladesh","Friendship Hospital Shyamnagar",""," Shyamnagar","","","","","","/url?q=https://friendship.ngo/bangladesh&sa=U&ved=0ahUKEwie74m6nsfqAhVTfH0KHT1CBewQ61gIuAIoBTAH&usg=AOvVaw1uS9KGjZHgjy1KbQwruP2M","",""
"ngo in bangladesh","Chalna Bandor Senior Fazil Madrasha","Road, Mongla"," Mongla","","","","","","","",""
"ngo in bangladesh","COAST Trust",""," Char Manika","","","","","","/url?q=http://www.coastbd.net/&sa=U&ved=0ahUKEwie74m6nsfqAhVTfH0KHT1CBewQ61gI8wIoCDAJ&usg=AOvVaw0Iz0tr-MrVa2w8K5ZjjH5x","",""
"ngo in bangladesh","Dhaka District","","","","","","","","/url?q=http://www.dhaka.gov.bd/&sa=U&ved=0ahUKEwie74m6nsfqAhVTfH0KHT1CBewQ61gI_wIoAjAK&usg=AOvVaw2L4CicSNRCJ8IT3EqHepV5","",""
"ngo in bangladesh","Christian Mission Hospital","N6, Rajshahi 6201"," Rajshahi","","6201","","","","","",""
